province,year,cpi,disposable_income_rural_per_cap,disposable_income_urban_per_cap,gdp_province,num_foreign_funded_enterprise,num_priv_enterprise,num_state_owned_enterprise,patent_apps,population_province,registered_unemployed,student_enrollment,foreign_total_investment,r.d_expenditure,r.d_projects,r.d_workers,sales_value_industry,export_industry,tech_market_value,Court_Year,treated,ever_treated,rel_time,fti_pc,num_priv_enterprise_pc,patent_apps_pc,r.d_expenditure_pc,r.d_workers_pc,student_enrollment_pc,export_intensity,tech_value_pc,gdp_log
Beijing,2020,101.7,30126,75602,38503.6,32545,1030,650,13078,2189,29,60.89,646907,2974157,8290,46172,NA,NA,6316.16,2014,1,1,6,295.5262677021471,0.47053449063499314,5.974417542256738,1358.6829602558246,21.092736409319325,0.027816354499771587,NA,2.8854088624942897,10.558507022397922
Beijing,2019,102.3,28928,73849,37767,32201,1047,656,11543,2190,7.4,60.15,599561,2851859,7671,44241,NA,NA,5695.28,2014,1,1,5,273.7721461187215,0.4780821917808219,5.270776255707762,1302.2187214611872,20.2013698630137,0.027465753424657534,NA,2.6005844748858444,10.539190984434368
Beijing,2018,102.5,26490,67990,35161.4,32306,1022,629,10386,2192,7.9,59.49,547718,2740103,7039,46929,NA,NA,4957.82,2014,1,1,4,249.8713503649635,0.46624087591240876,4.7381386861313866,1250.046989051095,21.409215328467152,0.027139598540145988,NA,2.261779197080292,10.46770416898137
Beijing,2017,101.9,24240,62406,31325.9,31442,1004,664,10119,2194,8.1,59.29,486409,2690851,7904,52719,18269.5,1004,4486.89,2014,1,1,3,221.69963536918868,0.4576116681859617,4.6121239744758435,1226.4589790337284,24.028714676390155,0.02702370100273473,18.19671314741036,2.045072926162261,10.352200510397031
Beijing,2016,101.4,22310,57275,28438.7,30401,1047,697,9392,2195,8,59.92,427371,2548433,7262,51143,17837.5,956.8,3940.98,2014,1,1,2,194.7020501138952,0.47699316628701594,4.27881548974943,1161.017312072893,23.299772209567198,0.027298405466970387,18.642872073578594,1.7954350797266514,10.255506172605202
Beijing,2015,101.8,20569,52859,26034.1,29396,1093,745,10281,2188,7.8,60.36,380963,2440875,7554,50773,17279.27,1078.39,3453.89,2014,1,1,1,174.11471663619744,0.49954296160877515,4.698811700182816,1115.5735831809873,23.205210237659962,0.027586837294332724,16.023210526803844,1.5785603290676415,10.167162496149857
Beijing,2014,101.6,18867,48532,23577.5,28041,1143,765,9835,2171,7.4,60.46,201027,2335010,9010,57761,18228.21,1426.88,3137.19,2014,1,1,0,92.59649930907416,0.5264854905573468,4.530170428374022,1075.545831414095,26.605711653615845,0.027848917549516353,12.77487244897959,1.445043758636573,10.06804814641804
Beijing,2013,103.3,17101,44564,21746,27061,1079,775,9240,2125,7.5,59.89,177105,2130618,10037,58036,17186.6,1506.72,2851.72,2014,0,1,-1,83.3435294117647,0.5077647058823529,4.348235294117647,1002.6437647058824,27.31105882352941,0.028183529411764704,11.406631623659338,1.3419858823529411,9.987185111557695
Beijing,2012,103.3,15365,40306,19568.3,26535,1043,790,10318,2078,8.1,59.12,149355,1973442,8226,53510,15446.65,1516.52,2458.5,2014,0,1,-2,71.87439846005775,0.5019249278152069,4.965351299326275,949.6833493743984,25.750721847930702,0.02845043310875842,10.185589375675889,1.1831087584215592,9.881666188962335
Beijing,2011,105.6,13742,36365,17653.3,25672,1046,781,6997,2024,8.1,58.79,134364,1648538,7048,49829,14357.44,1535.96,1890.28,2014,0,1,-3,66.38537549407114,0.516798418972332,3.4570158102766797,814.4950592885375,24.61907114624506,0.029046442687747035,9.347535092059688,0.9339328063241107,9.778678013723475
Beijing,2010,102.4,12368,32132,15420.2,24853,2465,1009,NA,1962,7.7,58.71,119206,NA,NA,NA,13526.57,1641.68,1579.54,2014,0,1,-4,60.757390417940876,1.2563710499490317,NA,NA,NA,0.029923547400611622,8.239468105842795,0.8050662589194699,9.64343361720182
Beijing,2009,98.5,10942,29329,13335.7,23293,2354,1058,3573,1860,8.2,58.67,106600,1137030,7494,41546,10904.37,1520.91,1236.25,2014,0,1,-5,57.31182795698925,1.2655913978494624,1.9209677419354838,611.3064516129032,22.336559139784946,0.03154301075268817,7.169635284139101,0.6646505376344086,9.498199928676703
Beijing,2008,105.1,10052,26918,12167.6,22485,2354,1116,4256,1771,10.3,58.56,98295,1010862,10320,43209,10304.16,1788.34,1027.22,2014,0,1,-6,55.502540937323545,1.329192546583851,2.4031620553359683,570.7859966120835,24.398080180688876,0.0330660643704122,5.761857364930607,0.5800225861095426,9.406531960289
Beijing,2007,102.4,8948,23752,10730.4,13237,1958,1104,NA,1676,10.6,57.82,87621,NA,NA,NA,9509.17,1869.97,882.56,2014,0,1,-7,52.27983293556086,1.168257756563246,NA,NA,NA,0.034498806682577564,5.085199227795099,0.5265871121718376,9.280836113587881
Beijing,2006,100.9,7888,21415,8618.9,12064,1666,1469,NA,1601,10.4,56.58,69700,NA,NA,NA,8142.83,1531.4,697.33,2014,0,1,-8,43.53529044347283,1.0405996252342287,NA,NA,NA,0.03534041224234853,5.317245657568238,0.4355590256089944,9.061712745306046
Beijing,2005,101.5,7041,18775,7327.4,10980,1504,1745,NA,1538,10.6,54.83,60670,NA,NA,NA,6799.85,1136.09,489.59,2014,0,1,-9,39.44733420026008,0.9778933680104032,NA,NA,NA,0.035650195058517554,5.985309262470404,0.31832899869960984,8.899376025272545
Beijing,2004,101,5948,16502,6424.1,9890,1706,2144,931,1493,6.5,49.95,53162,602546,3409,29998,5616.08,695.6,425,2014,0,1,-10,35.60750167448091,1.1426657736101808,0.62357669122572,403.5807099799062,20.092431346282652,0.03345612860013396,8.073720529039678,0.28466175485599465,8.767811822130595
Beijing,2003,100.2,5429,14535,5400.1,9185,556,1362,NA,1456,7,45.45,46328,NA,NA,NA,3728.97,408.41,265.36,2014,0,1,-11,31.818681318681318,0.38186813186813184,NA,NA,NA,0.031215659340659344,9.13045713865968,0.18225274725274726,8.59417275089942
Beijing,2002,98.2,5259,12949,4634.9,9172,513,1866,NA,1423,6,39.57,45495,NA,NA,NA,3150.19,323.1,221.17,2014,0,1,-12,31.97118763176388,0.3605059732958538,NA,NA,NA,0.02780744905130007,9.749891674404209,0.15542515811665494,8.44136990279418
Beijing,2001,103.1,4921,11939,3935.4,8818,344,2173,NA,1385,5,33.65,42925,NA,NA,NA,2855.49,298.25,191.01,2014,0,1,-13,30.9927797833935,0.2483754512635379,NA,NA,NA,0.024296028880866426,9.57414920368818,0.13791335740072203,8.277767807527745
Beijing,2000,103.5,4533,10590,3328,8495,184,2430,NA,1364,3.3,28.03,40246,NA,NA,NA,2461.42,251.65,140.29,2014,0,1,-14,29.505865102639298,0.1348973607038123,NA,NA,NA,0.020549853372434018,9.781124577786608,0.10285190615835776,8.1101268019411
Tianjin,2020,102,25691,47659,14230.8,15151,2780,459,6060,1387,27,57.22,306423,2287717,12001,45227,NA,NA,1089.56,2018,1,1,2,220.92501802451335,2.0043258832011537,4.3691420331651045,1649.3994232155733,32.60778658976208,0.041254506128334534,NA,0.785551550108147,9.56316390875875
Tianjin,2019,102.7,24804,46119,14097.2,15290,2366,476,4676,1385,26.1,53.94,310544,2134320,10825,45685,NA,NA,909.25,2018,1,1,1,224.21949458483755,1.708303249097473,3.376173285198556,1541.0252707581228,32.985559566787,0.03894584837545126,NA,0.6564981949458484,9.553731475086048
Tianjin,2018,102,23065,42976,13411.1,15089,1837,466,4939,1383,25.8,52.33,290620,2528761,11440,53280,NA,NA,685.59,2018,1,1,0,210.13738250180768,1.3282718727404195,3.5712219812002894,1828.4605929139552,38.524945770065074,0.03783803326102675,NA,0.4957266811279827,9.503838001248646
Tianjin,2017,102.1,21754,40278,12468.2,13938,1826,482,5463,1410,26,51.47,254823,2411418,13456,57881,NA,NA,551.44,2018,0,1,-1,180.72553191489362,1.2950354609929078,3.874468085106383,1710.2255319148935,41.05035460992908,0.03650354609929078,NA,0.3910921985815603,9.430936681823699
Tianjin,2016,102.1,20076,37110,11487,13339,2458,530,7300,1443,25.8,51.38,222594,3499551,12019,78336,26654.45,2473.24,552.64,2018,0,1,-2,154.25779625779626,1.7033957033957035,5.058905058905059,2425.191268191268,54.28690228690229,0.035606375606375605,10.777138490401256,0.382979902979903,9.348971240145405
Tianjin,2015,101.7,18482,34101,10889.2,12278,2574,562,6507,1439,25.1,51.29,181328,3526665,11393,84291,27460.49,2665.89,503.44,2018,0,1,-3,126.00972897845726,1.7887421820708826,4.52189020152884,2450.7748436414176,58.576094510076445,0.035642807505211954,10.300683824163789,0.34985406532314106,9.295526751336906
Tianjin,2014,101.9,17014,31506,10749.2,11507,2500,553,6996,1429,22.5,50.58,144146,3228057,15055,79014,27391.31,2850.77,388.56,2018,0,1,-4,100.87193841847446,1.7494751574527643,4.8957312806158155,2258.962211336599,55.293212036389086,0.035395381385584325,9.608390013926062,0.2719104268719384,9.282586612181955
Tianjin,2013,103.1,15353,28980,10075.2,11413,2436,565,6446,1410,21.7,48.99,127423,3000377,12904,68175,26012.36,2743.5,276.16,2018,0,1,-5,90.3709219858156,1.7276595744680852,4.571631205673759,2127.9269503546097,48.351063829787236,0.03474468085106383,9.481450701658465,0.1958581560283688,9.217832237734479
Tianjin,2012,102.7,13593,26586,9193,11491,2246,575,5195,1378,20.4,47.31,118913,2558685,12062,60681,23166.7,2729.5,232.33,2018,0,1,-6,86.29390420899855,1.629898403483309,3.7699564586357037,1856.810595065312,44.0355587808418,0.03433236574746009,8.487525187763326,0.16859941944847606,9.126197603863755
Tianjin,2011,104.9,11941,24158,8240.8,11850,2006,557,4410,1341,20.1,44.97,114806,2107772,10515,47828,20708.75,2349.94,169.38,2018,0,1,-7,85.61222967934377,1.4958985831469054,3.2885906040268456,1571.7912005965698,35.665920954511556,0.03353467561521253,8.812459041507443,0.12630872483221475,9.016852705569484
Tianjin,2010,103.5,9764,21800,6991.6,12918,3676,801,NA,1299,16.1,42.92,109624,NA,NA,NA,16571.45,2161.99,119.34,2018,0,1,-8,84.3910700538876,2.829869130100077,NA,NA,NA,0.03304080061585835,7.664905943135723,0.09187066974595844,8.852464707460932
Tianjin,2009,99,8441,19371,5828.6,12288,3756,974,2782,1228,15,40.6,97700,1238392,7609,30074,12845.13,1774.88,105.46,2018,0,1,-9,79.56026058631922,3.0586319218241043,2.265472312703583,1008.4625407166124,24.490228013029316,0.03306188925081433,7.237182232038221,0.08587947882736156,8.67053211328571
Tianjin,2008,105.4,7705,17726,5278.3,14536,3532,884,2754,1176,13,38.64,93814,1082657,6626,28340,12302.63,2458.67,86.61,2018,0,1,-10,79.77380952380952,3.003401360544218,2.3418367346938775,920.6267006802722,24.098639455782312,0.032857142857142856,5.003774398353581,0.07364795918367346,8.571359355159966
Tianjin,2007,104.2,6845,15062,4229.8,11429,2098,1310,NA,1115,15,37.11,82888,NA,NA,NA,10038.99,2563.01,72.34,2018,0,1,-11,74.3390134529148,1.8816143497757847,NA,NA,NA,0.03328251121076233,3.9168750804717885,0.06487892376681614,8.34990998959865
Tianjin,2006,101.5,6096,13266,3592.5,10753,2042,1225,NA,1075,11.7,35.74,68600,NA,NA,NA,8461.42,2043.74,58.86,2018,0,1,-12,63.81395348837209,1.8995348837209303,NA,NA,NA,0.033246511627906976,4.140164600193763,0.054753488372093026,8.18660361795318
Tianjin,2005,101.5,5475,11839,3203.6,10933,1765,1497,NA,1043,11.7,33.16,56770,NA,NA,NA,6816.56,1759.22,50.71,2018,0,1,-13,54.42953020134228,1.6922339405560882,NA,NA,NA,0.03179290508149568,3.8747626789145193,0.04861936720997124,8.072030456449527
Tianjin,2004,102.3,4938,10831,2663.3,9938,1796,1884,2613,1024,11.8,28.57,47045,284454,1565,12124,5794.13,1460.62,45.03,2018,0,1,-14,45.9423828125,1.75390625,2.5517578125,277.787109375,11.83984375,0.027900390625,3.966897618819406,0.043974609375,7.887321234369334
Tianjin,2003,101,4502,9823,2288.7,9792,753,1625,NA,1011,12,24.52,41555,NA,NA,NA,4004.37,983.91,42,2018,0,1,-15,41.102868447082095,0.744807121661721,NA,NA,NA,0.024253214638971315,4.069853950056408,0.04154302670623145,7.735739249764293
Tianjin,2002,99.6,4229,8968,1952.3,9020,594,1636,NA,1007,12.9,19.69,36529,NA,NA,NA,3292.65,826.41,36.33,2018,0,1,-16,36.27507447864945,0.5898709036742801,NA,NA,NA,0.019553128103277063,3.9842814099538972,0.03607745779543198,7.5767634436887565
Tianjin,2001,101.2,3911,8672,1778.3,9473,574,1810,NA,1004,11.4,15.4,34154,NA,NA,NA,2882.29,602.82,30.6,2018,0,1,-17,34.01792828685259,0.5717131474103586,NA,NA,NA,0.015338645418326694,4.781344348229985,0.03047808764940239,7.483413130749615
Tianjin,2000,99.6,3598,7946,1608.4,9942,446,1843,NA,1001,10.5,11.91,33086,NA,NA,NA,2564.36,566.93,26.26,2018,0,1,-18,33.052947052947054,0.44555444555444557,NA,NA,NA,0.011898101898101898,4.523239200606778,0.026233766233766234,7.382995175023119
Hebei Province,2020,102.1,16467,37286,36821.5,10088,11184,899,7543,7464,38.5,160.48,225402,4854544,17423,86337,NA,NA,554.96,NA,0,0,NA,30.19855305466238,1.4983922829581993,1.0105841371918542,650.3944265809217,11.567122186495176,0.021500535905680598,NA,0.07435155412647375,10.513837192686221
Hebei Province,2019,103,15373,35738,35623.5,9700,10074,788,8431,7447,36,147.4,158991,4385826,13340,76096,NA,NA,381.19,NA,0,0,NA,21.349671008459783,1.352759500469988,1.132133745132268,588.9386330065798,10.218342956895395,0.01979320531757755,NA,0.0511870551900094,10.480760811421343
Hebei Province,2018,102.4,14031,32977,32947,8255,11768,700,6067,7426,38,134.26,108665,3819916,9921,68956,NA,NA,275.98,NA,0,0,NA,14.633046054403447,1.5847023969835712,0.8169943441960679,514.3975222192297,9.285752760570967,0.01807971990304336,NA,0.03716401831403178,10.40265548874465
Hebei Province,2017,101.7,12881,30548,31065.5,7956,11647,699,4798,7409,39.9,126.89,95818,3509684,11295,79135,NA,NA,88.92,NA,0,0,NA,12.932649480361722,1.5720070184910244,0.6475907679848832,473.7054933189364,10.680928600350924,0.017126467809420974,NA,0.012001619651774868,10.34385315765235
Hebei Province,2016,101.5,11919,28249,28879.7,7286,9626,714,4120,7375,39.7,121.61,84821,3086608,9533,82971,46906.78,1537.93,59,NA,0,0,NA,11.501152542372882,1.3052203389830508,0.5586440677966101,418.5231186440678,11.250305084745763,0.016489491525423727,30.499944730904524,0.008,10.270894205141175
Hebei Province,2015,100.9,11051,26152,26744.1,6867,9893,818,3393,7345,39.4,117.92,73624,2858051,8358,79452,45407.38,1548.57,39.54,NA,0,0,NA,10.023689584751532,1.3469026548672567,0.46194690265486726,389.11518039482644,10.81715452688904,0.016054458815520763,29.322135906029434,0.005383253914227366,10.19406916724939
Hebei Province,2014,101.7,10186,24141,25644.1,6811,9600,794,3519,7323,38.3,116.43,62135,2606711,8714,75142,46685.47,1707.67,29.22,NA,0,0,NA,8.484910555783149,1.3109381401065137,0.48054076198279394,355.96217397241566,10.261095179571214,0.015899221630479313,27.33869541539056,0.003990167963949201,10.152068804647197
Hebei Province,2013,103,9188,22227,24659.1,6832,9023,764,3054,7288,37.2,117.44,54542,2327418,7618,65049,45232.82,1523.47,31.56,NA,0,0,NA,7.483809001097695,1.2380625686059274,0.41904500548847423,319.3493413830955,8.925493962678376,0.01611416026344676,29.6906535737494,0.004330406147091109,10.112901279701962
Hebei Province,2012,102.6,8158,20222,23437.3,7426,7949,708,2631,7262,36.8,116.88,48960,1980850,7574,55979,42097.83,1511.98,37.82,NA,0,0,NA,6.741944367942716,1.094602038006059,0.36229688790966674,272.7692095841366,7.708482511704765,0.01609473974111815,27.84284845037633,0.0052079316992564035,10.062084049343024
Hebei Province,2011,105.7,7187,18006,21711.7,8817,7302,690,1756,7232,36,114.93,45700,1586189,6055,51498,38934.99,1339.74,26.25,NA,0,0,NA,6.319137168141593,1.009679203539823,0.24280973451327434,219.32923119469027,7.120851769911504,0.01589186946902655,29.06160150476958,0.0036297013274336283,9.98560656473527
Hebei Province,2010,103.1,6014,16009,18254.1,9531,8959,765,NA,7194,35.1,110.51,40348,NA,NA,NA,30437.94,1154.22,19.29,NA,0,0,NA,5.608562691131499,1.2453433416736168,NA,NA,NA,0.015361412288017793,26.37100379477049,0.0026814011676397,9.81214499131316
Hebei Province,2009,99.3,5194,14505,15540.3,9559,8162,794,1009,7034,34.5,106.05,37000,933016,4445,36418,23434.08,774.02,17.21,NA,0,0,NA,5.260164913278362,1.1603639465453512,0.1434461188512937,132.64373045208984,5.177423940858686,0.015076769974410008,30.27580682669699,0.0024466875177708274,9.651191928754605
Hebei Province,2008,106.2,4833,13263,14403.8,10536,7555,810,603,6989,32.2,100,33841,766113,3813,27259,22408.1,1135.17,16.59,NA,0,0,NA,4.842037487480326,1.0809844040635284,0.08627843754471312,109.61696952353698,3.900271855773358,0.014308198597796537,19.739862751834526,0.0023737301473744457,9.575247339640432
Hebei Province,2007,104.7,4324,11550,12317.6,3696,6067,832,NA,6943,29.3,93.05,29113,NA,NA,NA,16923.59,899.18,16.43,NA,0,0,NA,4.193144173988189,0.8738297565893706,NA,NA,NA,0.013401987613423592,18.821137035966103,0.002366412213740458,9.41878441291571
Hebei Province,2006,101.7,3826,10194,10178.1,3819,5567,1120,NA,6898,28.7,86.26,24700,NA,NA,NA,13248.76,638.57,15.61,NA,0,0,NA,3.580748042910989,0.8070455204407074,NA,NA,NA,0.01250507393447376,20.747545296521913,0.0022629747752971876,9.2279936322135
Hebei Province,2005,101.8,3501,9020,8886.2,3637,4724,1233,NA,6851,27.8,77.4,21930,NA,NA,NA,10782.11,522.1,10.38,NA,0,0,NA,3.2009925558312653,0.6895343745438622,NA,NA,NA,0.01129762078528682,20.651426929706954,0.0015151072836082325,9.092254790557446
Hebei Province,2004,104.3,3187,7886,7683,3497,4025,1498,398,6809,28,69.74,20057,260405,1744,19451,8550.99,474.64,7.27,NA,0,0,NA,2.9456601556763107,0.591129387575268,0.05845204875899545,38.244235570568364,2.856660302540755,0.01024232633279483,18.015738243721557,0.0010677045087384345,8.946765374867635
Hebei Province,2003,102.2,2865,7188,6406.6,3454,2877,1675,NA,6769,25.7,57.55,17519,NA,NA,NA,5624.13,318.24,6.8,NA,0,0,NA,2.5881223223518983,0.4250258531540848,NA,NA,NA,0.008501994386172256,17.672605580693816,0.0010045797015807356,8.76508398797477
Hebei Province,2002,99,2695,6641,5574.9,3396,2155,2061,NA,6735,22.2,47.3,15477,NA,NA,NA,4229.36,258.99,6.04,NA,0,0,NA,2.297995545657016,0.31997030438010393,NA,NA,NA,0.00702301410541945,16.330205799451715,8.96807720861173e-4,8.626029658947715
Hebei Province,2001,100.5,2611,5957,5107.8,3621,1640,2512,NA,6699,19.5,35.05,14784,NA,NA,NA,3693.27,208.37,4.68,NA,0,0,NA,2.206896551724138,0.24481265860576204,NA,NA,NA,0.005232124197641438,17.72457647454048,6.986117330944917e-4,8.538524062118066
Hebei Province,2000,99.7,2484,5642,4663.7,3812,1093,2707,NA,6674,17.4,25.26,14010,NA,NA,NA,3345.23,202.19,9.41,NA,0,0,NA,2.099190890020977,0.16376985316152232,NA,NA,NA,0.0037848366796523827,16.544982442257282,0.0014099490560383577,8.447564403491567
Shanxi Province,2020,102.9,13878,34793,18202.7,3617,3538,1169,3059,3490,27.7,84.2,92559,1561790,5150,32547,NA,NA,44.98,NA,0,0,NA,26.521203438395414,1.0137535816618912,0.8765042979942693,447.50429799426934,9.325787965616046,0.024126074498567338,NA,0.012888252148997133,9.80932521371022
Shanxi Province,2019,102.7,12902,33262,17311,3520,2838,1104,2543,3497,21.3,80.2,70136,1380813,3826,27478,NA,NA,109.52,NA,0,0,NA,20.05604804117815,0.8115527595081499,0.7271947383471548,394.85644838432944,7.85759222190449,0.022933943380040036,NA,0.03131827280526165,9.75909741657673
Shanxi Province,2018,101.8,11750,31035,16153.1,3381,2224,878,2416,3502,24.6,76.56,63011,1312531,3243,27228,NA,NA,150.76,NA,0,0,NA,17.992861222158766,0.6350656767561393,0.6898914905768132,374.79468874928614,7.774985722444318,0.021861793260993717,NA,0.04304968589377498,9.689867260695065
Shanxi Province,2017,101.1,10788,29132,14679.1,3437,2213,861,1632,3510,26.5,76.3,49724,1122323,3454,31757,NA,NA,94.15,NA,0,0,NA,14.166381766381766,0.6304843304843305,0.46495726495726497,319.75014245014245,9.047578347578348,0.021737891737891736,NA,0.026823361823361824,9.594179992387193
Shanxi Province,2016,101.1,10082,27352,12160.1,3699,2015,802,1410,3514,26.1,75.63,42163,976283,2471,29450,12757.28,921.76,42.56,NA,0,0,NA,11.998577120091065,0.5734206033010814,0.4012521343198634,277.82669322709165,8.38076266363119,0.021522481502561183,13.8401319215414,0.012111553784860559,9.405915379170555
Shanxi Province,2015,100.6,9454,25828,12036.1,3606,2258,788,1303,3519,25.6,74.02,41107,1008950,2232,28927,12566.97,650.98,51.2,NA,0,0,NA,11.681443591929526,0.6416595623756749,0.3702756464904802,286.7149758454106,8.22023302074453,0.021034384768400114,19.304694460659313,0.014549587951122479,9.39566574612353
Shanxi Province,2014,101.7,8809,24069,12307,3531,2345,757,1777,3528,24.5,71.32,39119,1247027,2726,35775,15213.51,684.68,48.46,NA,0,0,NA,11.088151927437641,0.6646825396825397,0.5036848072562359,353.4657029478458,10.14030612244898,0.020215419501133786,22.21988374130981,0.013735827664399094,9.417923485172336
Shanxi Province,2013,103.1,7949,22258,12171.8,3535,2332,764,1807,3535,21.1,67.68,34182,1237698,2885,34024,16585.8,620.59,52.77,NA,0,0,NA,9.66958981612447,0.6596888260254596,0.5111739745403112,350.1267326732673,9.624893917963226,0.019145685997171147,26.725857651589614,0.014927864214992929,9.406877079728401
Shanxi Province,2012,102.5,7064,20232,11819.7,3623,2159,738,1390,3548,21,63.73,31963,1069590,2795,31542,16594.75,487.8,30.61,NA,0,0,NA,9.008737316798197,0.6085118376550169,0.39177001127395716,301.4627959413754,8.890078917700112,0.017962232243517475,34.01957769577696,0.00862739571589628,9.377522909927334
Shanxi Province,2011,105.2,6225,17965,11005.1,3849,1750,645,1104,3562,21.1,59.45,31899,895891,2348,32476,15470.89,282.53,22.48,NA,0,0,NA,8.955362156092082,0.4912970241437395,0.30993823694553624,251.51347557551938,9.11734980348119,0.016690061763054466,54.758397338335755,0.00631106120157215,9.306114080698014
Shanxi Province,2010,103,5263,15510,9004.5,3665,1802,664,NA,3574,20.4,56.29,22929,NA,NA,NA,12006.55,281.81,18.49,NA,0,0,NA,6.415500839395635,0.5041969781757135,NA,NA,NA,0.015749860100727476,42.6051240197296,0.00517347509792949,9.105479731360008
Shanxi Province,2009,99.6,4677,13883,7231.2,3535,1552,647,694,3427,21.6,54.74,20500,603934,2044,32703,9016.77,198.54,16.21,NA,0,0,NA,5.9819083746717245,0.4528742340239276,0.2025094835132769,176.2281879194631,9.542748759848264,0.015973154362416107,45.41538229072228,0.004730084622118471,8.886160276484201
Shanxi Province,2008,107.2,4480,13021,7295.8,2168,1593,650,401,3411,17.5,52.68,18000,488855,1473,31412,9790.22,412.23,12.84,NA,0,0,NA,5.277044854881266,0.46701846965699206,0.11756083260041043,143.3172090296101,9.209029610085018,0.01544415127528584,23.7494117361667,0.00376429199648197,8.895054119097741
Shanxi Province,2007,104.6,3975,11487,5991.9,779,1505,641,NA,3393,16.1,48.45,17787,NA,NA,NA,7629.04,419.31,8.27,NA,0,0,NA,5.242263483642794,0.44356027114647806,NA,NA,NA,0.014279398762157385,18.194271541341728,0.002437371058060713,8.698163836139235
Shanxi Province,2006,102,3420,9967,4758.7,905,1310,1033,NA,3375,15.6,44.64,11100,NA,NA,NA,5764.7,279.49,5.92,NA,0,0,NA,3.2888888888888888,0.38814814814814813,NA,NA,NA,0.013226666666666666,20.625782675587676,0.0017540740740740741,8.467729800680647
Shanxi Province,2005,102.3,3082,8866,4118,776,1166,1173,NA,3355,14.3,40.7,7710,NA,NA,NA,4698.93,230.92,4.8,NA,0,0,NA,2.2980625931445604,0.3475409836065574,NA,NA,NA,0.012131147540983607,20.348735492811365,0.0014307004470938897,8.323122887587735
Shanxi Province,2004,104.1,2738,7866,3533.1,705,1264,1556,107,3335,13.7,34.53,6913,165503,782,9384,3689.67,234.36,6,NA,0,0,NA,2.072863568215892,0.37901049475262366,0.032083958020989505,49.62608695652174,2.8137931034482757,0.010353823088455772,15.743599590373783,0.0017991004497751124,8.169930951515612
Shanxi Province,2003,101.8,2410,6977,2884,760,862,1354,NA,3314,13.1,27.3,6119,NA,NA,NA,2384.44,131.97,3.23,NA,0,0,NA,1.8464091732045866,0.260108630054315,NA,NA,NA,0.00823777911888956,18.068045767977573,9.746529873264937e-4,7.96693349840484
Shanxi Province,2002,98.4,2236,6214,2348.2,773,680,1513,NA,3294,14.5,20.84,5769,NA,NA,NA,1673.02,116.13,3.9,NA,0,0,NA,1.7513661202185793,0.20643594414086217,NA,NA,NA,0.006326654523375835,14.406441057435632,0.0011839708561020036,7.7614043561961115
Shanxi Province,2001,99.8,2018,5377,2049,827,450,1695,NA,3272,12.2,16.5,4935,NA,NA,NA,1355.63,98.91,1.47,NA,0,0,NA,1.5082518337408313,0.13753056234718827,NA,NA,NA,0.0050427872860635695,13.705692043271663,4.4926650366748167e-4,7.6251071482389
Shanxi Province,2000,103.9,1950,4715,1861.9,959,326,1791,NA,3247,9.7,12.5,4827,NA,NA,NA,1178.89,78.3,0.53,NA,0,0,NA,1.4866030181706191,0.10040036957191253,NA,NA,NA,0.0038497074222359103,15.056066411238827,1.632275947028026e-4,7.529352750702007
Inner Mongolia Autonomous Region,2020,101.9,16567,41353,17623.4,3329,1287,747,2331,2403,30,48.66,56084,1293714,3079,18393,NA,NA,35.95,NA,0,0,NA,23.339159384103205,0.5355805243445693,0.9700374531835206,538.374531835206,7.6541822721598,0.020249687890137327,NA,0.014960466084061591,9.776982843417859
Inner Mongolia Autonomous Region,2019,102.4,15283,40782,17479.4,3504,1179,707,2050,2415,28.1,47.2,58421,1183625,2283,15001,NA,NA,22.48,NA,0,0,NA,24.19089026915114,0.48819875776397514,0.8488612836438924,490.1138716356108,6.211594202898551,0.019544513457556936,NA,0.00930848861283644,9.7687783236776209
Inner Mongolia Autonomous Region,2018,101.8,13803,38305,16252.9,3511,1022,606,1440,2422,27,45.53,44853,1033594,2318,15777,NA,NA,19.84,NA,0,0,NA,18.518992568125515,0.42196531791907516,0.5945499587118084,426.7522708505368,6.514037985136251,0.018798513625103222,NA,0.00819157720891825,9.696026633373979
Inner Mongolia Autonomous Region,2017,101.7,12584,35670,15009.9,3453,995,613,1733,2433,27.1,44.81,45979,1082640,2353,23243,NA,NA,19.61,NA,0,0,NA,18.898068228524455,0.40896013152486643,0.7122893547061241,444.98150431565966,9.553226469379368,0.018417591450883685,NA,0.00806000822030415,9.616465262380132
Inner Mongolia Autonomous Region,2016,101.2,11609,32975,13879,3362,1740,674,1321,2436,26.7,43.67,41080,1279853,2260,30126,19884.38,154.83,12.05,NA,0,0,NA,16.863711001642034,0.7142857142857143,0.5422824302134647,525.3912151067324,12.366995073891626,0.017926929392446635,128.42717819544015,0.004946633825944171,9.53813218535584
Inner Mongolia Autonomous Region,2015,101.1,10776,30594,13062.7,2967,1812,669,1031,2440,25.9,42.08,35142,1186261,1801,29190,18702.2,162.96,15.39,NA,0,0,NA,14.402459016393443,0.7426229508196721,0.4225409836065574,486.17254098360655,11.96311475409836,0.017245901639344263,114.76558664702995,0.0063073770491803285,9.477516119594739
Inner Mongolia Autonomous Region,2014,101.6,9976,28350,12377.3,3036,1853,661,974,2449,24.8,40.64,26449,1080287,2265,27068,19516.65,188.97,13.94,NA,0,0,NA,10.799918334013883,0.7566353613719886,0.39771335238873007,441.1135157207023,11.052674561045325,0.016594528378930176,103.27909191935228,0.005692119232339731,9.423619428753183
Inner Mongolia Autonomous Region,2013,103.2,8985,26004,11584.9,2925,1865,629,981,2455,23.8,39.92,22911,1004406,2133,26990,20108.84,194.28,38.74,NA,0,0,NA,9.332382892057026,0.7596741344195519,0.39959266802443993,409.1266802443992,10.9938900203666,0.01626069246435845,103.50442660078238,0.015780040733197557,9.35745780497769
Inner Mongolia Autonomous Region,2012,103.1,7956,23611,10638.9,3114,1696,608,770,2464,23.1,39.14,25802,858477,1857,21509,18038.06,249.49,106.1,NA,0,0,NA,10.471590909090908,0.6883116883116883,0.3125,348.4078733766234,8.729301948051948,0.01588474025974026,72.29973145216242,0.04306006493506493,9.27227237409255
Inner Mongolia Autonomous Region,2011,105.6,6942,20813,9610.8,3601,1839,557,564,2470,21.8,38.44,25519,701635,1320,17645,17458.77,243.47,22.67,NA,0,0,NA,10.33157894736842,0.7445344129554656,0.22834008097165992,284.06275303643724,7.1437246963562755,0.015562753036437246,71.7080954532386,0.009178137651821863,9.170642745117636
Inner Mongolia Autonomous Region,2010,103.2,5780,18050,8342.1,3693,2227,517,NA,2472,20.8,37.14,23243,NA,NA,NA,13095.32,252.05,27.15,NA,0,0,NA,9.402508090614887,0.9008899676375405,NA,NA,NA,0.015024271844660195,51.955246974806585,0.010983009708737864,9.029070262218006
Inner Mongolia Autonomous Region,2009,99.7,5143,16140,7227,3675,2152,515,495,2458,20.1,35.19,24000,390612,898,12307,10387.17,118.09,14.77,NA,0,0,NA,9.764035801464605,0.8755085435313262,0.2013832384052075,158.91456468673718,5.006916192026037,0.014316517493897478,87.959776441697,0.006008950366151343,8.885579291282982
Inner Mongolia Autonomous Region,2008,105.7,4834,14676,6352.4,2326,1857,481,346,2444,19.9,31.67,22155,291985,688,11752,8351.82,227.62,9.44,NA,0,0,NA,9.065057283142389,0.7598199672667758,0.14157119476268412,119.4701309328969,4.808510638297872,0.012958265139116203,36.69194271153677,0.003862520458265139,8.756587973236492
Inner Mongolia Autonomous Region,2007,104.6,4089,12566,5239.6,1071,1562,435,NA,2429,18.5,28.41,17148,NA,NA,NA,5697.22,185.26,10.98,NA,0,0,NA,7.059695347879786,0.6430629888843146,NA,NA,NA,0.011696171263894608,30.752563964158483,0.004520378756689996,8.564000438523493
Inner Mongolia Autonomous Region,2006,101.5,3444,10499,4212.3,1030,1402,489,NA,2415,18,25.29,14800,NA,NA,NA,4050.65,182.79,10.71,NA,0,0,NA,6.128364389233955,0.5805383022774327,NA,NA,NA,0.010472049689440993,22.160129109907544,0.004434782608695653,8.345764095788706
Inner Mongolia Autonomous Region,2005,102.4,3070,9247,3562.7,914,984,489,NA,2403,17.7,23.09,12640,NA,NA,NA,2924.4,137.96,10.99,NA,0,0,NA,5.260091552226384,0.4094881398252185,NA,NA,NA,0.00960882230545152,21.19744853580748,0.004573449854348731,8.178273963351973
Inner Mongolia Autonomous Region,2004,102.9,2667,8208,2976.2,847,877,509,69,2393,18.5,19.87,10811,49782,232,5579,2071.36,107.11,10.41,NA,0,0,NA,4.5177601337233595,0.3664855829502716,0.028834099456748852,20.803175929795238,2.331383201002925,0.008303384872544924,19.338623844645692,0.004350188048474718,7.99840259799595
Inner Mongolia Autonomous Region,2003,102.2,2312,7076,2415.1,923,423,591,NA,2386,17.6,15.76,3836,NA,NA,NA,1336.09,74.28,10.85,NA,0,0,NA,1.6077116512992455,0.17728415758591787,NA,NA,NA,0.006605196982397318,17.98721055465805,0.004547359597652976,7.789495973096885
Inner Mongolia Autonomous Region,2002,100.2,2120,6096,1959.7,805,278,683,NA,2384,16.3,12.07,2423,NA,NA,NA,976.8,51.08,5.82,NA,0,0,NA,1.0163590604026846,0.11661073825503356,NA,NA,NA,0.005062919463087248,19.1229444009397,0.002441275167785235,7.580546679285009
Inner Mongolia Autonomous Region,2001,100.6,1999,5568,1729.5,778,245,681,NA,2381,14.5,9.96,2217,NA,NA,NA,813.11,39.9,6.24,NA,0,0,NA,0.9311213775724485,0.10289794204115918,NA,NA,NA,0.004183116337673247,20.378696741854636,0.002620747585048299,7.4555876283772236
Inner Mongolia Autonomous Region,2000,101.3,2058,5152,1551.3,874,185,757,NA,2372,12.6,7.19,2536,NA,NA,NA,737.39,38.46,6.03,NA,0,0,NA,1.069139966273187,0.07799325463743677,NA,NA,NA,0.003031197301854975,19.17290691627665,0.002542158516020236,7.3468485680702855
Liaoning Province,2020,102.4,17450,40376,25839,16257,4647,731,6252,4255,50.7,114.08,415731,3353222,12544,59978,NA,NA,632.81,NA,0,0,NA,97.70411280846064,1.0921269095182138,1.4693301997649824,788.0662749706228,14.095887191539365,0.026810810810810812,NA,0.14872150411280846,10.159640257457283
Liaoning Province,2019,102.4,16108,39777,25665.9,15996,3942,681,4995,4277,45.6,104.11,402830,3102482,10370,52104,NA,NA,557.59,NA,0,0,NA,94.18517652560206,0.9216740706102409,1.1678746785129763,725.3874210895488,12.182370820668693,0.024341828384381575,NA,0.13036941781622632,10.15291854159172
Liaoning Province,2018,102.5,14656,37342,24113.5,17028,3139,614,5425,4291,44.4,96.32,377494,3006014,9225,53133,NA,NA,474.49,NA,0,0,NA,87.97343276625496,0.7315311116289909,1.264274061990212,700.5392682358424,12.382428338382661,0.022446982055464925,NA,0.11057795385690981,10.090527128619456
Liaoning Province,2017,101.4,13747,34993,22105.4,16883,3131,637,4994,4312,42.7,98.1,315850,2749477,8533,49463,NA,NA,385.83,NA,0,0,NA,73.24907235621521,0.726113172541744,1.1581632653061225,637.6338126159554,11.471011131725417,0.022750463821892393,NA,0.08947820037105751,10.00357720155014
Liaoning Province,2016,101.6,12881,32876,20832,16949,4366,589,4382,4327,47.3,99.87,213278,2420637,6399,49254,21035.9,2102.26,323.22,NA,0,0,NA,49.290039288190435,1.009013173099145,1.0127108851398197,559.4261613126878,11.382944303212387,0.023080656343887222,10.006326524787609,0.07469840536168247,9.944245545008295
Liaoning Province,2015,101.4,12057,31126,20657.8,17745,7660,606,4131,4338,46.2,100.57,206639,2418803,5422,49097,32926.82,2340.75,267.49,NA,0,0,NA,47.63462425080682,1.7657906869525126,0.9522821576763485,557.5848317196865,11.317888427846935,0.023183494698017518,14.066782014311652,0.06166205624711849,9.935848251040383
Liaoning Province,2014,101.7,11191,29082,20381.5,17091,10319,624,5165,4358,41,99.83,198641,3242303,8608,63374,48764.29,3113.2,217.46,NA,0,0,NA,45.58077099586966,2.3678292794860027,1.185176686553465,743.9887563102341,14.541991739329967,0.022907296925195043,15.66371900295516,0.04989903625516292,9.92238290563842
Liaoning Province,2013,102.4,10161,26697,19534.3,17250,11512,653,5226,4365,39.6,96.8,183207,3331303,7813,59090,51734.67,3372.01,173.38,NA,0,0,NA,41.97182130584192,2.6373424971363115,1.1972508591065292,763.1851088201604,13.537227949599083,0.022176403207331042,15.342383326265342,0.039720504009163805,9.879927173727108
Liaoning Province,2012,102.8,9061,24238,18127.6,17960,11653,635,4113,4375,38.1,93.41,185564,2894569,7710,52064,47945.5,3100.56,230.66,NA,0,0,NA,42.41462857142857,2.663542857142857,0.9401142857142857,661.6157714285714,11.900342857142856,0.021350857142857144,15.463496916686019,0.052722285714285715,9.805190917711018
Liaoning Province,2011,105.2,8011,21362,16585.3,18164,11172,630,2994,4379,39.4,90.22,165969,2747063,6799,47513,41100.74,2855.99,159.66,NA,0,0,NA,37.90111897693537,2.55126741265129,0.683717743777118,627.3265585750171,10.85019410824389,0.02060287736926239,14.391065795048302,0.036460379081982186,9.716272039851864
Liaoning Province,2010,103,6671,18487,14105.8,18377,15898,852,NA,4375,38.9,88.02,147615,NA,NA,NA,35441.68,2921.89,130.68,NA,0,0,NA,33.74057142857143,3.6338285714285714,NA,NA,NA,0.020118857142857143,12.12971056405272,0.029869714285714288,9.554341339303793
Liaoning Province,2009,100,5770,16396,13003.2,19893,15157,883,2649,4341,41.6,85.25,131800,1654323,7472,48112,27543.97,2387.98,119.71,NA,0,0,NA,30.361667818475006,3.4915917991246257,0.6102280580511403,381.092605390463,11.083160562082469,0.019638332181524994,11.534422398847562,0.02757659525454964,9.472950759998941
Liaoning Province,2008,104.6,5415,14924,12303,22321,13637,1046,1383,4315,41.7,82.04,124756,1378167,5931,45568,24105.81,2844.92,99.73,NA,0,0,NA,28.912166859791427,3.1603707995365005,0.3205098493626883,319.38980301274626,10.5603707995365,0.01901274623406721,8.473282201256978,0.02311239860950174,9.41759841406017
Liaoning Province,2007,105.1,4648,12710,10422.8,14739,9352,839,NA,4298,44.5,77.78,108767,NA,NA,NA,17895.25,2409.93,92.93,NA,0,0,NA,25.30642159143788,2.175895765472313,NA,NA,NA,0.018096789204281063,7.4256306199765145,0.021621684504420664,9.25175099322173
Liaoning Province,2006,101.2,3995,10677,8489.3,16405,7713,1254,NA,4271,54.1,72.05,94500,NA,NA,NA,13929.05,1990.51,80.65,NA,0,0,NA,22.125965815968158,1.8059002575509249,NA,NA,NA,0.016869585577148207,6.9977292251734475,0.018883165535003514,9.046561825965103
Liaoning Province,2005,101.4,3614,9346,7342.2,16542,5118,1397,NA,4221,60.4,65.94,81500,NA,NA,NA,10649.01,1611.22,86.52,NA,0,0,NA,19.308220800758114,1.2125088841506753,NA,NA,NA,0.015621890547263682,6.609283648415486,0.020497512437810943,8.901393804219678
Liaoning Province,2004,103.5,3247,8190,6547.7,14858,3863,2139,398,4217,70.1,58.35,67915,759634,2565,32436,8442.65,1282.96,75.28,NA,0,0,NA,16.105050984111926,0.916054066872184,0.09437989091771401,180.1361157220773,7.691723974389376,0.013836850841830686,6.580602668828334,0.017851553236898268,8.786869121925275
Liaoning Province,2003,101.7,2889,7381,5973.6,13814,2044,1334,NA,4210,72,51.42,73501,NA,NA,NA,5996.13,963.94,62.02,NA,0,0,NA,17.458669833729218,0.4855106888361045,NA,NA,NA,0.012213776722090262,6.220439031474988,0.014731591448931117,8.695105039721492
Liaoning Province,2002,98.9,2716,6629,5507.8,13642,1301,1723,NA,4203,75.6,45.05,66408,NA,NA,NA,4802.07,766.42,50.83,NA,0,0,NA,15.800142755174875,0.30954080418748514,NA,NA,NA,0.010718534380204614,6.265585449231492,0.012093742564834642,8.613920548368666
Liaoning Province,2001,100,2532,5871,5074.9,13158,1000,2188,NA,4194,55.5,37.23,63797,NA,NA,NA,4360.69,628.55,40.87,NA,0,0,NA,15.211492608488317,0.23843586075345732,NA,NA,NA,0.008876967095851215,6.9376978760639565,0.009744873628993801,8.532062099282356
Liaoning Province,2000,99.9,2338,5408,4703.7,13146,785,2454,NA,4184,41.2,30.79,65543,NA,NA,NA,4155.49,658.33,34.78,NA,0,0,NA,15.665152963671128,0.18761950286806883,NA,NA,NA,0.007358986615678776,6.312168669208451,0.008312619502868069,8.456104712034515
Jilin Province,2020,102.3,16067,33396,12499.5,4249,1835,338,2764,2399,20.6,72.7,70774,776448,2481,11806,NA,NA,462.15,2018,1,1,2,29.50145894122551,0.7649020425177158,1.1521467278032513,323.6548561900792,4.921217173822426,0.030304293455606503,NA,0.19264276781992495,9.43344392249037
Jilin Province,2019,103,14936,32299,11949.4,4118,1445,330,2386,2448,23.9,70.01,64297,684086,2049,11849,NA,NA,474.13,2018,1,1,1,26.265114379084967,0.5902777777777778,0.9746732026143791,279.4468954248366,4.840277777777778,0.028598856209150328,NA,0.19368055555555555,9.388436346894112
Jilin Province,2018,102.1,13748,30172,11437.4,4018,3094,356,1314,2484,26.8,65.83,49009,575015,1715,11124,NA,NA,341.95,2018,1,1,0,19.72987117552335,1.2455716586151369,0.5289855072463768,231.48752012882449,4.478260869565218,0.026501610305958132,NA,0.1376610305958132,9.344643966376156
Jilin Province,2017,101.6,12950,28319,11083,4044,3052,360,1231,2526,26.3,64.39,38874,749958,2439,21056,NA,NA,219.92,2018,0,1,-1,15.389548693586699,1.208234362628662,0.48733174980205857,296.895486935867,8.335708630245447,0.02549089469517023,NA,0.08706254948535233,9.313167681775653
Jilin Province,2016,101.6,12123,26530,10603.5,3853,2997,370,1176,2567,25.7,64.23,35606,908602,2253,23469,23412.38,402.09,116.42,2018,0,1,-2,13.870666147253603,1.1675107128944293,0.45812232177639267,353.95481106349825,9.14257888585898,0.025021425788858593,58.22671541197245,0.04535255161667316,9.268939414279119
Jilin Province,2015,101.7,11326,24901,10162.9,4437,2809,375,787,2613,23.9,63.27,35230,861541,2014,23202,22529.2,395.52,26.47,2018,0,1,-3,13.482587064676617,1.075009567546881,0.3011863758132415,329.71335629544586,8.879448909299656,0.02421354764638347,56.960962783171524,0.010130118637581323,9.22649911347507
Jilin Province,2014,102,10780,23218,10077,4370,2636,366,1045,2642,23.2,61.83,33328,789431,2264,24395,22963.51,412.44,28.58,2018,0,1,-4,12.614685844057533,0.9977289931869796,0.3955336866010598,298.8005299015897,9.233535200605601,0.023402725208175625,55.677213655319555,0.010817562452687357,9.218010878280403
Jilin Province,2013,102.9,9781,21331,9608.6,4350,2683,363,971,2668,22.6,59.95,31779,698136,6421,23709,21690.9,360.97,34.72,2018,0,1,-5,11.911169415292354,1.0056221889055472,0.3639430284857571,261.67016491754123,8.886431784107947,0.02247001499250375,60.090589245643685,0.013013493253373313,9.17041380977006
Jilin Province,2012,102.5,8741,19352,8831.3,4298,2689,357,898,2698,22.3,57.9,23890,604326,1990,24365,19627.62,330.8,25.12,2018,0,1,-6,8.85470719051149,0.9966641957005189,0.3328391401037806,223.99036323202373,9.030763528539659,0.02146034099332839,59.3337968561064,0.009310600444773907,9.086057508129478
Jilin Province,2011,105.2,7634,17043,7857.7,4327,2676,345,751,2725,22.2,56.28,23253,488723,1885,17884,16636.2,288.53,26.26,2018,0,1,-7,8.533211009174313,0.9820183486238532,0.27559633027522934,179.3478899082569,6.562935779816514,0.020653211009174312,57.658475721762045,0.009636697247706423,8.969249221736273
Jilin Province,2010,103.7,6341,14759,6505.9,4309,3652,406,NA,2747,22.7,54.44,22259,NA,NA,NA,12911,227.37,18.81,2018,0,1,-8,8.103021477975973,1.3294503094284673,NA,NA,NA,0.01981798325445941,56.784096406737916,0.006847469967236985,8.780464736487872
Jilin Province,2009,100.1,5346,13457,5515.3,4203,3454,407,560,2740,23.4,53.1,19300,329615,1597,14671,9707.39,178.26,19.76,2018,0,1,-9,7.043795620437956,1.2605839416058393,0.20437956204379562,120.29744525547446,5.354379562043795,0.01937956204379562,54.45635588466285,0.007211678832116789,8.615281327306956
Jilin Province,2008,105.1,5001,12367,4905.4,4158,2928,416,297,2734,24.3,50.41,17489,267007,1079,9470,8220,224.23,19.61,2018,0,1,-10,6.396854425749817,1.0709583028529628,0.10863204096561814,97.6616678858815,3.4637893196781273,0.01843818580833943,36.65878785175936,0.007172640819312363,8.498091918113836
Jilin Province,2007,105.3,4244,10916,4134.7,1963,1977,391,NA,2730,23.9,47.02,31334,NA,NA,NA,6230.62,213.8,17.48,2018,0,1,-11,11.477655677655678,0.7241758241758242,NA,NA,NA,0.017223443223443224,29.1422825070159,0.006402930402930403,8.327170053435244
Jilin Province,2006,101.4,3682,9488,3271.5,2358,1425,466,NA,2723,26.3,43.51,30800,NA,NA,NA,4559.88,147,15.37,2018,0,1,-12,11.311053984575835,0.5233198677928755,NA,NA,NA,0.0159786999632758,31.019591836734694,0.005644509731913331,8.093003874309794
Jilin Province,2005,101.5,3296,8464,2810.1,2488,1034,583,NA,2716,27.6,40.73,20710,NA,NA,NA,3737.6,115.69,12.23,2018,0,1,-13,7.62518409425626,0.3807069219440353,NA,NA,NA,0.014996318114874814,32.307027400812515,0.004502945508100147,7.940975348883194
Jilin Province,2004,104.1,3025,7662,2487.7,2370,884,1258,103,2709,28.2,36.22,19351,124848,541,5074,3302.9,105.99,10.79,2018,0,1,-14,7.143226282761167,0.3263196751568845,0.03802141011443337,46.08637873754153,1.873015873015873,0.013370247323735696,31.162373808849892,0.003983019564414913,7.81911386781073
Jilin Province,2003,101.2,2549,6869,2169.7,2690,496,969,NA,2704,28.4,31.95,18265,NA,NA,NA,2598.89,63.77,8.73,2018,0,1,-15,6.7548076923076925,0.1834319526627219,NA,NA,NA,0.011815828402366864,40.754116355653125,0.0032285502958579885,7.682344188129326
Jilin Province,2002,99.5,2315,6159,2067.3,2541,411,1231,NA,2699,23.8,26.47,17912,NA,NA,NA,2126.52,52.08,8.29,2018,0,1,-16,6.636532048907003,0.15227862171174508,NA,NA,NA,0.009807336050389033,40.83179723502304,0.003071507965913301,7.633998687031272
Jilin Province,2001,101.3,2192,5273,1921.7,2753,328,1392,NA,2691,20.2,21.78,8098,NA,NA,NA,1819.15,49.92,8.85,2018,0,1,-17,3.009290226681531,0.1218877740616871,NA,NA,NA,0.008093645484949834,36.44130608974359,0.0032887402452619844,7.560965489938382
Jilin Province,2000,98.6,2029,4765,1769.2,2747,212,1667,NA,2682,23,18.1,7661,NA,NA,NA,1647.87,55.13,7.14,2018,0,1,-18,2.856450410141685,0.0790454884414616,NA,NA,NA,0.006748695003728562,29.89062216578995,0.0026621923937360176,7.478282745994171
Heilongjiang Province,2020,102.3,16168,31115,14000.1,6278,2301,514,2650,3171,31,82.56,168558,774634,3186,14272,NA,NA,265.2,NA,0,0,NA,53.15610217596973,0.7256385998107853,0.8356985178177231,244.2869757174393,4.50078839482813,0.026035950804162725,NA,0.08363292336802271,9.5468197514290285
Heilongjiang Province,2019,102.8,14982,30945,13962.5,5296,1746,492,2060,3255,34.7,77.82,46046,714862,2920,15054,NA,NA,232.88,NA,0,0,NA,14.146236559139785,0.5364055299539171,0.6328725038402457,219.61966205837174,4.6248847926267285,0.023907834101382485,NA,0.0715453149001536,9.544130443377457
Heilongjiang Province,2018,102,13804,29191,13205.7,5028,1671,478,1232,3327,39.4,73.21,42747,605680,2631,13110,NA,NA,165.92,NA,0,0,NA,12.848512173128945,0.5022542831379622,0.37030357679591225,182.04989480012023,3.9404869251577996,0.022004809137360984,NA,0.0498707544334235,9.48840383354964
Heilongjiang Province,2017,101.3,12665,27446,12659.5,4444,1660,482,1648,3399,39.7,73.42,33669,825854,3826,24046,NA,NA,146.71,NA,0,0,NA,9.905560458958517,0.48837893498087676,0.48484848484848486,242.96969696969697,7.074433656957929,0.02160047072668432,NA,0.04316269491026773,9.446163200447465
Heilongjiang Province,2016,101.5,11832,25736,12280.9,4227,1759,447,1934,3463,39.6,73.59,28280,884925,3068,32219,11103.56,126.55,125.81,NA,0,0,NA,8.166329771874098,0.5079410915391279,0.5584753104244874,255.5371065550101,9.303782847242276,0.021250360958706326,87.74049782694587,0.036329771874097604,9.41580048891784
Heilongjiang Province,2015,101.1,11095,24203,12023.2,4149,1955,446,1752,3529,41,73.52,22302,880392,3080,31762,11523.87,155.99,127.26,NA,0,0,NA,6.319637291017285,0.5539812978180788,0.49645792009067724,249.47350524227826,9.000283366392745,0.02083309719467271,73.87569716007437,0.0360612071408331,9.394593395619884
Heilongjiang Province,2014,101.5,10453,22609,12357.1,5016,2080,457,1840,3608,39.9,73.06,23983,955820,4324,37509,13139.38,181.22,120.28,NA,0,0,NA,6.647172949002218,0.5764966740576497,0.5099778270509978,264.9168514412417,10.396064301552107,0.020249445676274944,72.50513188389802,0.033337028824833706,9.421986075650551
Heilongjiang Province,2013,102.2,9369,20848,12017,4924,2126,460,1683,3666,41.4,71.79,22794,950335,4307,37296,13415.89,154.62,101.77,NA,0,0,NA,6.217675941080197,0.579923622476814,0.4590834697217676,259.22940534642663,10.173486088379706,0.019582651391162033,86.76684775578838,0.027760501909438077,9.3940775929113
Heilongjiang Province,2012,103.2,8367,18894,11171,5039,1758,458,1356,3724,41.3,70.45,22247,906170,4231,36256,12253.34,191.02,100.45,NA,0,0,NA,5.973952738990333,0.47207303974221265,0.364124597207304,243.33243823845328,9.735767991407089,0.01891783029001074,64.14689561302481,0.026973684210526316,9.321076413570848
Heilongjiang Province,2011,105.8,7382,16699,10074,5426,1503,426,1099,3782,35,71,20941,838042,4343,39661,11191.76,196.02,62.07,NA,0,0,NA,5.537017451084083,0.3974087784241142,0.2905869910100476,221.5869910100476,10.486779481755685,0.01877313590692755,57.094990307111516,0.01641195134849286,9.217713126305595
Heilongjiang Province,2010,103.9,6040,14741,8434.7,5814,2366,517,NA,3833,36.2,71.91,19617,NA,NA,NA,9269.34,199.15,52.91,NA,0,0,NA,5.117923297678059,0.6172710670493087,NA,NA,NA,0.01876076180537438,46.54451418528747,0.0138038090268719,9.040109428253922
Heilongjiang Province,2009,100.2,5075,13305,7315.8,5957,2212,505,622,3826,31.4,70.89,18100,627240,3968,27658,7146.78,152.64,48.86,NA,0,0,NA,4.730789336121275,0.5781495033978045,0.16257187663355985,163.94145321484578,7.228959749085207,0.01852848928384736,46.82114779874214,0.012770517511761632,8.897791671794273
Heilongjiang Province,2008,105.6,4743,12205,7215.1,5901,2132,543,421,3825,32.1,67.81,16170,505877,3107,28283,7494.84,191.72,41.26,NA,0,0,NA,4.227450980392157,0.5573856209150326,0.11006535947712419,132.25542483660132,7.394248366013072,0.0177281045751634,39.09263509284373,0.010786928104575162,8.883931331125781
Heilongjiang Province,2007,105.2,4046,10744,6193.7,2464,1351,515,NA,3824,31.5,63.49,14489,NA,NA,NA,6060.62,157.95,35.02,NA,0,0,NA,3.7889644351464433,0.3532949790794979,NA,NA,NA,0.016603033472803348,38.37049699271922,0.00915794979079498,8.731287925391829
Heilongjiang Province,2006,101.9,3486,9583,5386.1,2408,1120,661,NA,3823,31.2,59.2,13700,NA,NA,NA,5359.69,110.18,15.69,NA,0,0,NA,3.58357311012294,0.29296364111953965,NA,NA,NA,0.015485221030604238,48.644853875476485,0.004104106722469265,8.591576839853476
Heilongjiang Province,2005,101.2,3168,8592,4804.5,2288,984,693,NA,3820,31.3,54.09,10980,NA,NA,NA,4588.8,81.58,14.26,NA,0,0,NA,2.8743455497382198,0.25759162303664923,NA,NA,NA,0.014159685863874347,56.24908065702378,0.003732984293193717,8.477308257717322
Heilongjiang Province,2004,103.8,2962,7722,4180.3,2202,824,1253,241,3817,32.9,46.57,9466,196428,2590,21775,3631.96,76.08,12.57,NA,0,0,NA,2.4799580822635576,0.21587634267749542,0.06313859051611213,51.461357086717314,5.704741943935027,0.012200681163217186,47.73869610935857,0.003293162169242861,8.338138293278362
Heilongjiang Province,2003,100.9,2479,6870,3649.8,2243,612,970,NA,3815,35,39.22,8123,NA,NA,NA,2854.88,96.66,12.12,NA,0,0,NA,2.1292267365661863,0.16041939711664482,NA,NA,NA,0.010280471821756225,29.535278295054834,0.0031769331585845347,8.202427650554714
Heilongjiang Province,2002,99.3,2381,6246,3278.2,2067,465,1233,NA,3813,41.6,33.5,7468,NA,NA,NA,2435.28,87.14,12.01,NA,0,0,NA,1.958562811434566,0.12195121951219512,NA,NA,NA,0.008785733018620508,27.94675235253615,0.003149750852347233,8.09504977025526
Heilongjiang Province,2001,100.8,2262,5528,3074.1,2980,319,1328,NA,3811,35.5,27.14,7650,NA,NA,NA,2308.85,100.86,11.1,NA,0,0,NA,2.007347152978221,0.08370506428758856,NA,NA,NA,0.007121490422461296,22.89163196510014,0.002912621359223301,8.030767454473782
Heilongjiang Province,2000,98.3,2136,4981,2881.9,3318,217,1588,NA,3807,25.3,21.01,8344,NA,NA,NA,2414.71,116.82,15.24,NA,0,0,NA,2.191752035723667,0.057000262674021536,NA,NA,NA,0.005518781192540058,20.6703475432289,0.004003152088258471,7.966205077831172
Shanghai,2020,101.7,34911,76437,41603.9,92922,4508,632,17544,2488,19.7,54.07,1033395,6350087,14903,87957,NA,NA,1583.22,2014,1,1,6,415.3516881028939,1.8118971061093248,7.051446945337621,2552.28577170418,35.35249196141479,0.021732315112540194,NA,0.6363424437299036,10.635949191855097
Shanghai,2019,102.5,33195,73615,40241.2,90757,4394,670,15239,2481,19.3,52.66,955229,5906504,13636,80694,NA,NA,1422.35,2014,1,1,5,385.01773478436115,1.7710600564288594,6.1422813381700925,2380.694881096332,32.524788391777506,0.021225312374042724,NA,0.5732970576380492,10.60264662540254
Shanghai,2018,101.6,30375,68034,37769.1,87300,3551,652,12541,2475,19.4,51.78,884911,5548768,12442,88016,NA,NA,1225.19,2014,1,1,4,357.539797979798,1.4347474747474747,5.067070707070707,2241.926464646465,35.5620202020202,0.020921212121212122,NA,0.49502626262626265,10.539246586987336
Shanghai,2017,101.7,27825,62596,34378.3,84007,3541,664,12329,2466,22.1,51.49,798239,5399953,12557,88967,NA,NA,810.62,2014,1,1,3,323.6978913219789,1.4359286293592863,4.999594484995945,2189.76196269262,36.07745336577453,0.020879967558799676,NA,0.32871857258718573,10.445180830361167
Shanghai,2016,103.2,25520,57692,30963.9,79410,3534,680,11293,2467,24.3,51.47,734246,4900778,10909,98671,31056.8,7286.15,780.99,2014,1,1,2,297.62707742197,1.4325091203891367,4.5776246453182,1986.5334414268343,39.99635184434536,0.0208633968382651,4.262443128401145,0.31657478719092014,10.340577288762484
Shanghai,2015,102.4,23205,52962,27821.6,74885,3840,689,10740,2458,24.8,51.16,661273,4742443,11089,94981,31214.32,7595.16,663.78,2014,1,1,1,269.0288852725793,1.562245728234337,4.369406021155411,1929.3909682668836,38.64157851912124,0.02081366965012205,4.109764639586263,0.27004882017900733,10.233567976404526
Shanghai,2014,102.7,21192,48841,25964.5,68952,4008,707,12524,2467,25.6,50.66,530467,4492192,13821,93868,32457.78,7620.49,592.45,2014,1,1,0,215.0251317389542,1.6246453182002432,5.076611268747467,1820.912849614917,38.049452776651805,0.020535062829347386,4.25927729056793,0.2401499797324686,10.164485499401307
Shanghai,2013,102.3,19208,44878,23809.4,64412,3934,747,11377,2448,25.3,50.48,457933,4047800,13441,92136,31945.81,7829.31,531.68,2014,0,1,-1,187.0641339869281,1.6070261437908497,4.647467320261438,1653.513071895425,37.63725490196079,0.020620915032679737,4.080284214062287,0.2171895424836601,10.077835739667385
Shanghai,2012,102.8,17452,41130,21774.9,61461,3712,776,9901,2399,26.7,50.66,413768,3715075,12833,82355,31559.6,8102.79,518.75,2014,0,1,-2,172.4751979991663,1.547311379741559,4.1271363067944975,1548.5931638182576,34.32888703626511,0.021117132138390993,3.8949053350759426,0.21623593163818258,9.988513209287655
Shanghai,2011,105.2,15737,37079,20406.1,58993,3875,806,8176,2356,27,51.13,377353,3437627,12378,79147,32084.82,8524,480.75,2014,0,1,-3,160.16680814940577,1.644736842105263,3.4702886247877758,1459.0946519524618,33.59380305602716,0.021702037351443125,3.7640567808540593,0.204053480475382,9.923589154742698
Shanghai,2010,103.1,13702,32584,18319.6,55666,8065,1013,NA,2303,27.6,51.57,339385,NA,NA,NA,29838.11,8204.27,431.44,2014,0,1,-4,147.36647850629615,3.501953973078593,NA,NA,NA,0.022392531480677377,3.636900053264946,0.18733825445071645,9.81572680392862
Shanghai,2009,99.6,12256,29461,16181.4,52278,8623,1116,6246,2210,27.9,51.28,308400,2365150,9667,67420,23847.88,6697.8,435.41,2014,0,1,-5,139.54751131221718,3.901809954751131,2.826244343891403,1070.2036199095023,30.506787330316744,0.023203619909502263,3.5605542118307505,0.19701809954751132,9.691617713445295
Shanghai,2008,105.8,11250,27204,14877.1,51532,8975,1189,2651,2141,26.6,50.29,293991,2005734,6998,43815,24800.47,8008.98,386.17,2014,0,1,-6,137.3148061653433,4.1919663708547406,1.2382064455861748,936.8211116300794,20.464736104624006,0.023489023820644557,3.096582835766852,0.1803689864549276,9.607578396919958
Shanghai,2007,103.2,9992,24048,13179.8,34218,6214,1164,NA,2064,26.7,48.49,257032,NA,NA,NA,21949.97,7312.68,354.89,2014,0,1,-7,124.53100775193798,3.010658914728682,NA,NA,NA,0.023493217054263566,3.0016314128335986,0.17194282945736433,9.486440633434535
Shanghai,2006,101.2,9015,21001,10825.4,31568,5579,1348,NA,1964,27.8,46.63,225500,NA,NA,NA,18392.6,5853.58,309.51,2014,0,1,-8,114.81670061099797,2.840631364562118,NA,NA,NA,0.02374236252545825,3.142111323326921,0.157591649694501,9.289650503689156
Shanghai,2005,101,8149,18912,9398.8,28978,5481,1461,NA,1890,27.5,44.26,200670,NA,NA,NA,15591.72,4972.12,231.73,2014,0,1,-9,106.17460317460318,2.9,NA,NA,NA,0.023417989417989418,3.1358293846488015,0.1226084656084656,9.14833730053445
Shanghai,2004,102.2,6993,16891,8309.4,26657,5623,1830,2034,1835,27.4,41.57,172188,927730,3007,21854,13782.17,4049.52,171.7,2014,0,1,-10,93.83542234332425,3.0643051771117165,1.1084468664850136,505.574931880109,11.909536784741144,0.022653950953678476,3.403408305181849,0.09356948228882833,9.025142683076727
Shanghai,2003,100.1,6595,15026,6952.5,24133,2683,1606,NA,1766,30.1,37.85,150816,NA,NA,NA,10241.22,2641.2,142.78,2014,0,1,-11,85.39977349943375,1.5192525481313703,NA,NA,NA,0.021432616081540203,3.8774875056792366,0.08084937712344281,8.84685658610812
Shanghai,2002,100.5,6178,13367,5908.1,20963,1860,1843,NA,1713,28.8,33.16,127964,NA,NA,NA,7661.62,1737.08,120.22,2014,0,1,-12,74.70169293636894,1.085814360770578,NA,NA,NA,0.019357851722124925,4.4106316346973085,0.07018096906012843,8.684079569709784
Shanghai,2001,100,5837,12976,5348.1,18160,1360,2067,NA,1668,25.7,28,112688,NA,NA,NA,6922.26,1417.13,106.16,2014,0,1,-13,67.55875299760191,0.815347721822542,NA,NA,NA,0.016786570743405275,4.884703591060806,0.06364508393285372,8.584496636625925
Shanghai,2000,102.5,5572,11781,4880,15930,182,2473,NA,1609,20.1,22.68,98540,NA,NA,NA,6143.89,1319.58,73.9,2014,0,1,-14,61.24300807955252,0.11311373523927906,NA,NA,NA,0.014095711622125544,4.655943557798694,0.04592914853946551,8.492900498847193
Jiangsu Province,2020,102.5,24198,53102,104566.6,63031,37139,1291,62892,8477,36.7,201.47,1369729,23816885,103567,538781,NA,NA,2087.85,2017,1,1,3,161.5818096024537,4.3811489913884625,7.419134127639495,2809.5888875781525,63.55798041760057,0.023766662734457943,NA,0.2462958593842161,11.557579467958655
Jiangsu Province,2019,103.1,22675,51056,99836.9,62360,31331,1210,57429,8469,35.1,187.41,1173515,22061581,95240,508375,NA,NA,1471.52,2017,1,1,2,138.5659463927264,3.6994922659109695,6.781083953241232,2604.980635258,60.027748258353995,0.02212894084307474,NA,0.1737536899279726,11.511293133441717
Jiangsu Province,2018,102.3,20845,47200,93456.3,59308,28747,1065,55944,8446,34.4,180.63,1056042,20245195,72426,455530,NA,NA,991.45,2017,1,1,1,125.03457257873549,3.403623016812692,6.623727208145868,2397.0157470992185,53.93440681979635,0.021386455126687187,NA,0.11738692872365618,11.445249226341708
Jiangsu Province,2017,101.7,19158,43622,86512.9,58577,28504,1071,45719,8423,34.7,176.79,965819,18338832,67205,455468,NA,NA,778.42,2017,1,1,0,114.66449008666746,3.3840674344057935,5.42787605366259,2177.2328149115515,54.07432031342752,0.020988958803276742,NA,0.09241600379912145,11.368048814748734
Jiangsu Province,2016,102.3,17606,40152,78261.2,55938,30122,1013,49229,8381,35.2,174.58,879868,16575418,59535,451885,155820.09,23299.5,635.64,2017,0,1,-1,104.98365350196873,3.59408185180766,5.873881398401146,1977.7375014914687,53.917790239828186,0.02083044982698962,6.687701023627116,0.07584297816489678,11.267807229150552
Jiangsu Province,2015,101.7,16257,37173,71876,53551,30352,989,41744,8315,36,171.57,782154,15065065,51720,441304,147391.94,23214.06,572.92,2017,0,1,-2,94.06542393265184,3.6502705953096815,5.020324714371617,1811.7937462417317,53.07324113048707,0.02063379434756464,6.349252995813743,0.06890198436560432,11.182697691046345
Jiangsu Province,2014,102.2,14958,34346,66228.3,51634,30474,960,39858,8281,36.6,169.86,718131,13765378,53117,422865,141193.63,23311.45,543.16,2017,0,1,-3,86.72032363241155,3.6799903393309985,4.813186813186813,1662.2845067020892,51.064484965583866,0.020512015457070404,6.056836018351497,0.06559111218451877,11.100863143023366
Jiangsu Province,2013,102.3,13521,31585,60505.2,50514,30583,961,33090,8192,37.6,168.45,666376,12395745,48530,393942,132721.45,22846.91,527.5,2017,0,1,-4,81.3447265625,3.7332763671875,4.039306640625,1513.1524658203125,48.088623046875,0.020562744140625,5.8091641276654045,0.06439208984375,11.010484590738631
Jiangsu Province,2012,102.6,12133,28808,54658.4,50461,28325,895,27820,8120,40.5,167.12,625000,10803107,44570,342262,118705.46,23137.75,400.91,2017,0,1,-5,76.9704433497537,3.4883004926108376,3.4261083743842367,1330.431896551724,42.15049261083744,0.02058128078817734,5.130380438893151,0.04937315270935961,10.908858187191207
Jiangsu Province,2011,105.3,10744,25570,49689.5,52959,27415,769,21649,8023,41.4,165.94,572851,8998944,31933,287447,106320.56,21289.91,333.43,2017,0,1,-6,71.40109684656612,3.417050978436994,2.6983671943163405,1121.6432755826997,35.827869874111926,0.020683036270721676,4.993941261376868,0.041559267107067185,10.813548922158942
Jiangsu Province,2010,103.8,9067,22273,42175.2,51666,43738,826,NA,7869,40.6,164.94,508106,NA,NA,NA,90804.96,18563.78,249.34,2017,0,1,-7,64.57059346803914,5.558266615834286,NA,NA,NA,0.020960731986275256,4.891512396720927,0.03168636421400432,10.649587649548746
Jiangsu Province,2009,99.6,7962,19996,35074.6,50241,40744,839,11920,7810,40.7,165.34,444400,5707105,27454,222625,71970.22,14833.26,108.22,2017,0,1,-8,56.901408450704224,5.216901408450704,1.5262483994878362,730.7432778489117,28.505121638924457,0.021170294494238157,4.851948930983479,0.013856594110115236,10.465232500771636
Jiangsu Province,2008,105.4,7322,18215,31445.7,49928,43827,921,6502,7762,41.1,157.26,415930,4808289,17944,155781,66537.7,15942.44,94.02,2017,0,1,-9,53.58541612986344,5.646354032465859,0.8376707034269518,619.4652151507344,20.069698531306365,0.020260242205617108,4.173620851011513,0.012112857510950785,10.356017527820622
Jiangsu Province,2007,104.3,6533,16009,26373.8,38998,25332,785,NA,7723,39.3,147.23,382030,NA,NA,NA,52415.83,12706.74,78.42,2017,0,1,-10,49.46652855108118,3.2800725106823774,NA,NA,NA,0.01906383529716431,4.125041513401549,0.010154085200051793,10.180126372112987
Jiangsu Province,2006,101.6,5791,13799,21525.1,36463,21345,916,NA,7656,40.4,130.62,324300,NA,NA,NA,40802.21,10007.28,68.83,2017,0,1,-11,42.358934169278996,2.7880094043887147,NA,NA,NA,0.017061128526645767,4.077252759990726,0.008990334378265413,9.976974975045882
Jiangsu Province,2005,102.1,5258,12098,18345.9,33321,17752,958,NA,7588,41.6,115.98,265720,NA,NA,NA,32119.62,7880.65,100.83,2017,0,1,-12,35.018450184501845,2.339483394833948,NA,NA,NA,0.015284659989457038,4.075757710341152,0.013288086452293095,9.817161395275283
Jiangsu Province,2004,104.1,4740,10319,14998.7,29939,23137,1172,1800,7523,42.9,99.48,216981,1530561,6322,69654,26079.55,6888.02,89.79,2017,0,1,-13,28.84235012627941,3.0755017944968763,0.23926625016615713,203.45088395586868,9.25880632726306,0.013223448092516283,3.786218681130426,0.011935398112455139,9.615718809661908
Jiangsu Province,2003,101,4229,9140,12588.2,26925,11540,1242,NA,7458,41.8,85.97,150014,NA,NA,NA,17650.95,3610.29,76.52,2017,0,1,-14,20.114507910968086,1.5473317243228748,NA,NA,NA,0.011527219093590774,4.8890670832537,0.01026012335746849,9.440515146205524
Jiangsu Province,2002,99.2,3972,8088,10723.9,22991,8401,1691,NA,7406,42.2,70.02,125484,NA,NA,NA,13531.57,2714.69,59.49,2017,0,1,-15,16.94355927626249,1.134350526600054,NA,NA,NA,0.009454496354307318,4.984572824153034,0.008032676208479611,9.280230174433596
Jiangsu Province,2001,100.8,3778,7311,9554.3,19602,5787,2075,NA,7359,36.1,58.55,92001,NA,NA,NA,11402.97,2254.5,52.92,2017,0,1,-16,12.501834488381574,0.7863840195678761,NA,NA,NA,0.007956244054898764,5.057870924817032,0.007191194455768447,9.164746593917464
Jiangsu Province,2000,100.1,3591,6756,8635.1,18060,3726,2554,NA,7327,30.4,45.18,75004,NA,NA,NA,10154.81,2079.87,44.96,2017,0,1,-17,10.236658932714617,0.5085300941722397,NA,NA,NA,0.006166234475228606,4.882425343891685,0.006136208543742323,9.063590571289634
Zhejiang Province,2020,102.3,31930,62699,67164.5,44024,40038,843,35319,6468,42.1,114.87,589264,13958988,118007,480493,NA,NA,1403.32,2017,1,1,3,91.10451453308596,6.190166975881262,5.460575139146568,2158.161410018553,74.28772418058132,0.01775974025974026,NA,0.21696351267779837,11.114900113115946
Zhejiang Province,2019,102.9,29876,60182,64632,43121,36792,832,30914,6375,34.4,107.47,500693,12742260,98501,451752,NA,NA,888.01,2017,1,1,2,78.54007843137255,5.7712941176470585,4.8492549019607845,1998.7858823529411,70.86305882352941,0.016858039215686273,NA,0.1392956862745098,11.076464923159545
Zhejiang Province,2018,102.3,27302,55574,59311.7,40191,28745,813,27998,6273,34.1,101.94,445788,11473921,77940,394147,NA,NA,590.66,2017,1,1,1,71.06456241032998,4.582336999840587,4.463255220787502,1829.096285668739,62.83229714650088,0.016250597800095648,NA,0.09415909453212179,10.99056186737934
Zhejiang Province,2017,102.1,24956,51261,53135.2,37422,28004,807,21817,6170,33.8,100.23,373415,10301447,69180,333646,NA,NA,324.73,2017,1,1,0,60.52106969205835,4.538735818476499,3.5359805510534845,1669.6024311183144,54.075526742301456,0.016244732576985416,NA,0.05263047001620746,10.880594887797077
Zhejiang Province,2016,101.9,22866,47237,48095.8,34442,27502,763,19280,6072,33.9,99.61,319870,9357877,59088,321845,66628.47,11540.13,198.37,2017,0,1,-1,52.67951251646904,4.52931488801054,3.1752305665349145,1541.1523386034255,53.00477602108037,0.016404808959156785,5.773632532735767,0.032669631093544135,10.780950134194088
Zhejiang Province,2015,101.4,21125,43714,44222,32778,28050,750,17242,5985,33.7,99.11,291813,8535689,51940,316672,64279.38,11440.24,98.1,2017,0,1,-2,48.75739348370927,4.68671679197995,2.8808688387635755,1426.180284043442,52.9109440267335,0.016559732664995823,5.618709048061929,0.016390977443609022,10.6969776817921
Zhejiang Province,2014,102.1,19373,40393,40744.1,31005,27557,723,16824,5890,33.1,97.82,262881,7681473,45679,290339,64914.41,11927.07,87.25,2017,0,1,-3,44.631748726655346,4.678607809847199,2.8563667232597623,1304.1550084889643,49.29354838709678,0.016607809847198642,5.442611638902094,0.014813242784380306,10.615066322910534
Zhejiang Province,2013,102.3,17494,37080,38023.3,30674,26219,707,15036,5784,33.4,95.96,240408,6843562,42158,263507,61280.59,11223.22,81.5,2017,0,1,-4,41.56431535269709,4.533022130013832,2.599585062240664,1183.1884508990317,45.557918395574,0.016590594744121712,5.460161165868619,0.014090594744121715,10.545954408698764
Zhejiang Province,2012,102.2,15806,33846,34978.5,29595,23959,645,12844,5685,33.4,93.23,217810,5886071,35582,228618,57615.75,10967.93,81.31,2017,0,1,-5,38.31310466138962,4.214423922603342,2.259278803869833,1035.368689533861,40.214248021108176,0.01639929639401935,5.253110659896626,0.01430255057167986,10.462488866006494
Zhejiang Province,2011,105.4,14197,30340,32353.1,29288,22520,593,9335,5570,31.7,90.75,201919,4799069,28672,203904,55155.05,11027.77,71.9,2017,0,1,-6,36.251166965888686,4.0430879712746854,1.6759425493716338,861.5922800718133,36.60754039497307,0.016292639138240573,5.001469018668326,0.012908438061041293,10.384465122231298
Zhejiang Province,2010,103.8,12277,26802,27902.2,28769,46706,730,NA,5447,31.1,88.49,183233,NA,NA,NA,50196.32,10642.8,60.35,2017,0,1,-7,33.639250963833305,8.574628235726088,NA,NA,NA,0.01624563980172572,4.716458074942684,0.011079493299063705,10.236460817747314
Zhejiang Province,2009,98.5,10798,24148,23227.5,28252,41969,728,8692,5276,30.7,86.65,164000,3301031,22986,150888,39969.91,8499.58,56.46,2017,0,1,-8,31.0841546626232,7.95470053070508,1.6474601971190295,625.6692570128886,28.598938589840788,0.016423426838514027,4.702574715456529,0.010701288855193329,10.053092200515467
Zhejiang Province,2008,105,9927,22334,21607.9,28533,40320,736,6107,5212,30.7,83.22,158255,2757063,17177,126273,39717.51,9826.62,58.92,2017,0,1,-9,30.363584036838066,7.735993860322333,1.1717191097467383,528.9836914811972,24.22735993860322,0.01596699923254029,4.041828217637397,0.011304681504221028,9.980814267546156
Zhejiang Province,2007,104.2,8805,20250,18914.7,22059,33381,694,NA,5155,28.6,77.8,145658,NA,NA,NA,35209.54,9178.39,45.35,2017,0,1,-10,28.255674102812804,6.475460717749757,NA,NA,NA,0.015092143549951503,3.8361346597823807,0.008797284190106693,9.84769467651312
Zhejiang Province,2006,101.1,7763,18007,15516.4,20956,28715,776,NA,5072,29.1,71.99,125700,NA,NA,NA,28489.9,7629.39,39.96,2017,0,1,-11,24.783123028391167,5.6614747634069404,NA,NA,NA,0.014193611987381703,3.7342303906341137,0.007878548895899054,9.649652808067728
Zhejiang Province,2005,101.3,7003,16089,13212.6,19009,24244,811,NA,4991,29,65.13,101910,NA,NA,NA,22600.91,5995.26,38.7,2017,0,1,-12,20.41875375676217,4.857543578441194,NA,NA,NA,0.013049489080344619,3.769796472546645,0.0077539571228210785,9.488926198740202
Zhejiang Province,2004,103.9,6210,14387,11660.7,17792,24036,1110,2701,4925,30.1,57.28,83432,880654,5507,42507,18294.55,4715.62,58.15,2017,0,1,-13,16.9405076142132,4.880406091370558,0.5484263959390863,178.81299492385787,8.630862944162436,0.011630456852791878,3.879564087012948,0.011807106598984771,9.363979492407815
Zhejiang Province,2003,101.9,5594,13055,9892.6,15140,13411,861,NA,4857,28.3,48.41,61226,NA,NA,NA,12559.79,3367.34,53.04,2017,0,1,-14,12.605723697755817,2.761169446160181,NA,NA,NA,0.009967057854642783,3.7298847161260817,0.010920321185917233,9.19954228187667
Zhejiang Province,2002,99.1,5096,11624,8144.1,12111,10301,963,NA,4776,27.7,39.31,43202,NA,NA,NA,9493.9,2458.37,38.94,2017,0,1,-15,9.045644891122278,2.1568257956448913,NA,NA,NA,0.008230737018425461,3.861867822988403,0.00815326633165829,9.005049017693308
Zhejiang Province,2001,99.8,4697,10399,7003.4,11194,7490,1122,NA,4729,24,29.31,34064,NA,NA,NA,7643.37,1915.42,31.67,2017,0,1,-16,7.20321421019243,1.5838443645591034,NA,NA,NA,0.00619792768027067,3.990440738845788,0.006696976104884754,8.854151024402164
Zhejiang Province,2000,101,4332,9236,6218.9,10002,4140,1418,NA,4680,21.8,19.24,29313,NA,NA,NA,6396.65,1536.56,27.63,2017,0,1,-17,6.263461538461539,0.8846153846153846,NA,NA,NA,0.0041111111111111105,4.1629679283594525,0.005903846153846154,8.735348321219021
Anhui Province,2020,102.7,16620,39442,38628.8,8281,12914,848,27083,6105,30,136.85,322704,6394211,29928,139988,NA,NA,659.57,2017,1,1,3,52.85896805896806,2.1153153153153155,4.436199836199836,1047.3728091728092,22.93005733005733,0.022416052416052414,NA,0.10803767403767404,10.56175339123789
Anhui Province,2019,102.7,15416,37540,37584.8,7903,11163,768,22975,6092,26.8,124.12,165643,5765371,25799,124491,NA,NA,449.61,2017,1,1,2,27.190249507550888,1.8324031516743269,3.771339461588969,946.383946158897,20.43516086671044,0.020374261326329614,NA,0.07380334865397242,10.534354992325627
Anhui Province,2018,102,13996,34393,34377.3,6611,13550,688,26175,6076,28.1,113.91,112984,4973027,16695,106744,NA,NA,321.31,2017,1,1,1,18.595128373930216,2.230085582620145,4.307932850559578,818.4705398288347,17.568136932192232,0.018747531270572746,NA,0.052881830151415406,10.445151741821467
Anhui Province,2017,101.2,12758,31640,30141.8,6135,13182,668,24394,6057,29,114.74,86641,4361175,20010,103598,NA,NA,249.57,2017,1,1,0,14.304276044246327,2.1763249133234273,4.027406306752518,720.0222882615157,17.10384678883936,0.018943371305927027,NA,0.0412035661218425,10.313668191697838
Anhui Province,2016,101.8,11720,29156,26801.2,5549,14016,659,23322,6033,30.4,114.5,67256,3709224,15697,99451,42329.72,2321.04,217.37,2017,0,1,-1,11.148019227581635,2.3232222774738935,3.8657384385877673,614.8224763799105,16.48450190618266,0.018978949113210675,18.237393582187295,0.03603016741256423,10.19620194161593
Anhui Province,2015,101.3,10821,26936,24142.7,5063,13611,699,19967,6011,30.9,113.07,106486,3221422,14100,96791,38798.25,2177.81,190.47,2017,0,1,-2,17.715188820495758,2.2643486940608883,3.3217434703044417,535.9211445682914,16.10231242721677,0.018810514057561137,17.8152593660604,0.031686907336549656,10.091737335952974
Anhui Province,2014,101.6,9916,24839,22880.7,4721,12815,687,15701,5997,31.5,108.05,48026,2847303,14648,95287,36505.46,2159.12,169.83,2017,0,1,-3,8.008337502084375,2.136901784225446,2.618142404535601,474.7878939469735,15.889111222277805,0.0180173420043355,16.907564192819297,0.028319159579789897,10.03804903943133
Anhui Province,2013,102.4,8850,22789,20888.2,4466,11806,678,10866,5988,32.4,105.21,41612,2477246,14394,86000,32913.47,1629.19,130.83,2017,0,1,-4,6.9492317969271875,1.9716098864395457,1.814629258517034,413.7017368069472,14.362057448229793,0.01757014028056112,20.20235208907494,0.02184869739478958,9.946939685208653
Anhui Province,2012,102.3,7826,20729,18613.7,4466,9070,626,8147,5978,31.3,102.3,39962,2089814,11882,73356,28584.11,1387.52,86.16,2017,0,1,-5,6.684844429575109,1.5172298427567747,1.3628303780528606,349.5841418534627,12.270993643358983,0.01711274673803948,20.600863410977862,0.014412847106055537,9.83165314771452
Anhui Province,2011,105.6,6811,18345,16532.7,5427,7905,605,5385,5972,33.1,99.13,32884,1628304,8426,56275,25261.69,1270.36,65.03,2017,0,1,-6,5.506363027461487,1.3236771600803752,0.901707970529136,272.6563965170797,9.423141326188881,0.01659912926992632,19.885457665543626,0.010889149363697254,9.713095516859585
Anhui Province,2010,103.1,5776,15566,13474.6,5633,11269,737,NA,5957,26.9,93.9,30324,NA,NA,NA,18277.48,818.5,46.15,2017,0,1,-7,5.09048178613396,1.8917240221588048,NA,NA,NA,0.015762967936880982,22.33045815516188,0.00774718818197079,9.508561710735489
Anhui Province,2009,99.1,4887,13903,11063.3,5579,9526,729,2407,6131,30.1,87.78,27900,907544,5233,37649,12929.06,573.02,35.62,2017,0,1,-8,4.550644266840646,1.5537432718969173,0.3925950089708041,148.0254444625673,6.140760071766433,0.014317403359973902,22.563016997661514,0.005809818952862502,9.311388603085662
Anhui Province,2008,106.2,4529,12836,9691.2,5523,7509,632,1354,6135,29.3,80.83,25465,691431,3243,32904,10875.85,705.63,32.49,2017,0,1,-9,4.150774246128769,1.223960880195599,0.22070089649551752,112.70268948655257,5.363325183374083,0.01317522412387938,15.41296430140442,0.005295843520782396,9.178973536226684
Anhui Province,2007,105.3,3804,11350,8078,2637,4908,581,NA,6118,27.2,73.05,23755,NA,NA,NA,7763.58,612.54,26.45,2017,0,1,-10,3.8828048381824125,0.8022229486760379,NA,NA,NA,0.011940176528277214,12.674404936820453,0.004323308270676692,8.996899596123358
Anhui Province,2006,101.2,3152,9677,6602.6,2436,3699,563,NA,6110,28.2,66.37,18300,NA,NA,NA,5811.99,462.82,18.49,2017,0,1,-11,2.9950900163666123,0.6054009819967267,NA,NA,NA,0.01086252045826514,12.557776241303314,0.0030261865793780687,8.795218789834706
Anhui Province,2005,101.4,2784,8399,5761.7,2165,2725,619,NA,6120,27.8,58.91,15480,NA,NA,NA,4486.83,319.71,14.26,2017,0,1,-12,2.5294117647058822,0.4452614379084967,NA,NA,NA,0.009625816993464051,14.034062118795159,0.002330065359477124,8.658987849033911
Anhui Province,2004,104.5,2617,7456,5210.9,2114,2293,690,273,6228,26.1,50.13,12938,209564,1162,10300,3601.15,255.62,9.07,2017,0,1,-13,2.077392421323057,0.36817597944765573,0.04383429672447013,33.648683365446374,1.6538214515093128,0.00804913294797688,14.087903919881073,0.0014563262684649967,8.55850786455045
Anhui Province,2003,101.7,2211,6735,4375,2034,1630,747,NA,6163,25.1,41,11644,NA,NA,NA,2571.1,181.09,8.8,2017,0,1,-14,1.8893396073340905,0.26448158364432905,NA,NA,NA,0.006652604251176375,14.197912640123695,0.0014278760343988319,8.383661798791715
Anhui Province,2002,99,2187,6001,3882.3,1914,1157,900,NA,6144,22.6,33.01,9622,NA,NA,NA,2084.34,151.47,7.54,2017,0,1,-15,1.5660807291666667,0.18831380208333334,NA,NA,NA,0.005372721354166666,13.760744701921174,0.0012272135416666666,8.264183040495734
Anhui Province,2001,100.5,2073,5645,3547.7,2055,770,1013,NA,6128,19.9,25.22,9208,NA,NA,NA,1791,147.55,6.41,2017,0,1,-16,1.5026109660574412,0.12565274151436032,NA,NA,NA,0.0041155352480417755,12.138258217553371,0.0010460182767624022,8.17405478517583
Anhui Province,2000,100.7,1972,5277,3162.3,2216,533,1128,NA,6093,16.5,19.18,9144,NA,NA,NA,1636.17,153.58,6.1,2017,0,1,-17,1.500738552437223,0.08747743311997375,NA,NA,NA,0.003147874610208436,10.653535616616747,0.0010011488593467913,8.059054889929254
Fujian Province,2020,102.2,20880,47160,43682,31638,14704,535,12934,4161,35.7,94.72,315255,6669131,25504,140850,NA,NA,163.54,2017,1,1,3,75.76423936553714,3.5337659216534485,3.108387406873348,1602.7712088440278,33.85003604902668,0.022763758711848114,NA,0.039303052150925256,10.684691396916357
Fujian Province,2019,102.6,19568,45620,42479.1,31608,13296,503,11025,4137,16.8,86.12,297471,5985139,21689,126089,NA,NA,139.59,2017,1,1,2,71.90500362581581,3.2139231327048585,2.66497461928934,1446.7341068407059,30.47836596567561,0.020817017162194827,NA,0.03374184191443075,10.656767469250706
Fujian Province,2018,101.5,17821,42121,39204.8,30150,9087,532,9850,4104,17.3,77.24,278698,5249417,18716,120723,NA,NA,84.52,2017,1,1,1,67.9088693957115,2.2141812865497075,2.4000974658869394,1279.0977095516569,29.41593567251462,0.01882066276803119,NA,0.020594541910331384,10.576554467261882
Fujian Province,2017,101.2,16335,39001,34432.2,28264,8991,529,8810,4065,17.1,75.1,260721,4487934,15944,105533,NA,NA,75.46,2017,1,1,0,64.1380073800738,2.211808118081181,2.167281672816728,1104.0428044280443,25.961377613776136,0.018474784747847476,NA,0.018563345633456334,10.446747452054773
Fujian Province,2016,101.7,14999,36014,30199.2,28351,8886,499,8162,4016,16.3,75.64,226315,3882632,12849,102250,43309.15,6961.63,43.22,2017,0,1,-1,56.35333665338646,2.212649402390438,2.0323705179282867,966.7908366533865,25.46065737051793,0.018834661354581672,6.221122064803789,0.010761952191235059,10.315570712945869
Fujian Province,2015,101.7,13793,33275,27307.5,25895,8729,485,6880,3984,15.4,75.85,196713,3469810,10929,99180,40216.04,6722.12,52.14,2017,0,1,-2,49.37575301204819,2.1910140562248994,1.7269076305220883,870.9362449799197,24.89457831325301,0.019038654618473896,5.982642380677524,0.013087349397590362,10.214916668717699
Fujian Province,2014,102,12650,30722,25329.4,24322,8491,473,6447,3945,14.3,74.85,173245,3153831,10949,110892,37373.1,6603.85,39.19,2017,0,1,-3,43.91508238276299,2.1523447401774396,1.6342205323193917,799.4501901140684,28.10950570342205,0.01897338403041825,5.659289656791114,0.009934093789607096,10.139721055387891
Fujian Province,2013,102.5,11405,28174,22851.7,23546,8183,457,5475,3885,14.7,73.05,156516,2791966,10426,100200,33003.96,6448.29,44.69,2017,0,1,-4,40.287258687258685,2.106306306306306,1.4092664092664093,718.6527670527671,25.79150579150579,0.018803088803088803,5.118249954639137,0.011503217503217502,10.036780791804391
Fujian Province,2012,102.4,10164,25650,20510.8,23381,7727,446,4194,3841,14.5,70.14,145744,2381656,9080,90280,29059.02,5880.16,50.09,2017,0,1,-5,37.94428534235876,2.011715699036709,1.0919031502212966,620.0614423327258,23.50429575631346,0.018260869565217393,4.941875731272619,0.013040874772194741,9.928706855668974
Fujian Province,2011,105.3,8952,22772,18195.2,23727,6870,430,3244,3784,14.6,67.48,136898,1943993,6441,75503,26757.69,5505.25,34.57,2017,0,1,-6,36.17811839323467,1.81553911205074,0.857293868921776,513.7402219873151,19.953224101479915,0.017832980972515858,4.860395077426093,0.00913583509513742,9.808913102016627
Fujian Province,2010,103.2,7573,19914,15236.6,23463,9985,520,NA,3693,14.5,64.78,124831,NA,NA,NA,21410.83,4699.23,35.66,2017,0,1,-7,33.802057947468185,2.7037638776062822,NA,NA,NA,0.017541294340644463,4.556242192869896,0.009656106146764147,9.631455707237913
Fujian Province,2009,98.2,6801,18023,12625.1,23609,9198,532,2251,3666,15.2,60.63,117500,1144347,5435,46433,16316.29,3743.6,23.26,2017,0,1,-8,32.05128205128205,2.5090016366612113,0.6140207310420076,312.1513911620295,12.665848336061101,0.01653846153846154,4.358449086440859,0.006344789961811239,9.44344217490427
Fujian Province,2008,104.6,6299,16649,11104.2,23809,8332,540,901,3639,15,56.26,112129,837778,3781,41784,14838.96,3940.27,17.97,2017,0,1,-9,30.813135476779333,2.2896400109920307,0.24759549326738114,230.22203902170926,11.482275350370982,0.015460291288815608,3.7659754280798015,0.004938169826875515,9.315078694111758
Fujian Province,2007,105.2,5549,14478,9474.3,18655,6706,530,NA,3612,14.9,50.95,102706,NA,NA,NA,12231.53,3545.92,14.56,2017,0,1,-10,28.43466223698782,1.8565891472868217,NA,NA,NA,0.01410575858250277,3.449465864994134,0.004031007751937985,9.156338148593498
Fujian Province,2006,100.8,4900,12932,7586.2,18629,5638,673,NA,3585,15.1,46.13,87800,NA,NA,NA,9701.15,3002.41,11.32,2017,0,1,-11,24.490934449093444,1.5726638772663877,NA,NA,NA,0.012867503486750349,3.231120999463764,0.0031576011157601115,8.934086086256702
Fujian Province,2005,102.2,4503,11667,6506.9,17854,4743,756,NA,3557,14.9,40.7,75330,NA,NA,NA,7918.8,2609,17.2,2017,0,1,-12,21.177958954174866,1.333427045262862,NA,NA,NA,0.0114422265954456,3.035185894978919,0.004835535563677256,8.780618431311733
Fujian Province,2004,104,4132,10655,5792,17236,4296,900,299,3529,14.5,32.57,68877,360048,1634,18519,6589.04,2341.09,14.14,2017,0,1,-13,19.51742703315387,1.2173420232360441,0.08472655143100029,102.02550297534712,5.2476622272598465,0.00922924341173137,2.8145180236556473,0.0040068007934259,8.664232934065552
Fujian Province,2003,100.8,3767,9601,5067,16884,2540,888,NA,3502,14.6,25.74,66118,NA,NA,NA,4834.53,1649.47,16.68,2017,0,1,-14,18.880068532267277,0.7252998286693318,NA,NA,NA,0.007350085665334094,2.930959641581841,0.004762992575671045,8.53050420547591
Fujian Province,2002,99.5,3565,8883,4524.4,15563,1581,1112,NA,3476,15,19.73,59400,NA,NA,NA,3584.36,1228.29,12.9,2017,0,1,-15,17.088607594936708,0.45483314154200233,NA,NA,NA,0.005676064441887227,2.9181707902856817,0.003711162255466053,8.417240250657226
Fujian Province,2001,98.7,3401,8092,4120.9,15403,1107,1308,NA,3445,13.2,16.74,51260,NA,NA,NA,2856.43,1001.44,13.69,2017,0,1,-16,14.879535558780843,0.3213352685050798,NA,NA,NA,0.00485921625544267,2.8523226553762577,0.003973875181422351,8.32382686508953
Fujian Province,2000,102.1,3245,7285,3804.6,16013,722,1367,NA,3410,9.1,13.79,47084,NA,NA,NA,2536.33,904.46,17.26,2017,0,1,-17,13.807624633431086,0.21173020527859238,NA,NA,NA,0.004043988269794721,2.804247838489264,0.00506158357771261,8.243966139934042
Jiangxi Province,2020,102.6,16981,38556,25825.4,6813,11092,587,6949,4519,29.9,124.2,133086,3460219,23056,100473,NA,NA,233.41,2018,1,1,2,29.45032086744855,2.4545253374640406,1.5377295861916354,765.704580659438,22.23345872980748,0.027483956627572474,NA,0.051650807700818764,10.159113782735265
Jiangxi Province,2019,102.9,15796,36546,24724,6791,8507,532,5768,4516,27.5,113.5,100985,3202151,18645,85032,NA,NA,148.61,2018,1,1,1,22.36160318866253,1.883746678476528,1.2772364924712134,709.0679805137289,18.82905225863596,0.025132860938883967,NA,0.03290744021257751,10.115529710779164
Jiangxi Province,2018,102.1,14460,33819,23016.9,6137,6300,464,5216,4513,35.1,105.44,87720,2677714,13658,67394,NA,NA,115.82,2018,1,1,0,19.43718147573676,1.3959672058497674,1.1557722136051407,593.3334810547308,14.933303789053845,0.023363616219809438,NA,0.025663638378019056,10.043984007699406
Jiangxi Province,2017,102,13242,31198,20497.6,6059,5794,455,3949,4511,32.3,104.83,80797,2216865,7504,45082,NA,NA,96.21,2018,0,1,-1,17.9111061848814,1.284415872312126,0.8754156506317889,491.4353801817779,9.993792950565284,0.02323874972289958,NA,0.02132786521835513,9.928063085102169
Jiangxi Province,2016,102,12138,28673,18761.2,6918,5633,440,3290,4496,31.3,103.9,77738,1797561,6351,34924,32928.8,2132.85,79.01,2018,0,1,-2,17.290480427046262,1.252891459074733,0.7317615658362989,399.81338967971533,7.76779359430605,0.023109430604982207,15.438872869634528,0.017573398576512456,9.839546186399348
Jiangxi Province,2015,101.5,11139,26500,17031.1,7094,5040,510,2522,4485,29.9,98.45,72578,1474968,4403,31321,30618.43,2113.21,64.85,2018,0,1,-3,16.182385730211816,1.1237458193979932,0.5623188405797102,328.866889632107,6.983500557413601,0.021950947603121516,14.489061664481996,0.014459308807134892,9.74279636346742
Jiangxi Province,2014,102.3,10117,24309,15858.6,7020,4611,483,2516,4480,29.4,91.64,67025,1284642,4385,28803,28727.02,2118.72,50.76,2018,0,1,-4,14.9609375,1.0292410714285714,0.5616071428571429,286.7504464285714,6.429241071428572,0.020455357142857143,13.558667497356897,0.011330357142857142,9.671467218909248
Jiangxi Province,2013,102.5,9089,22120,14473.4,6667,4217,486,1669,4476,27.4,86.18,58770,1106443,4288,29519,24603.16,1582.38,43.06,2018,0,1,-5,13.130026809651474,0.9421358355674709,0.3728775692582663,247.19459338695265,6.594950848972297,0.019253798033958894,15.54819954751703,0.009620196604110814,9.580067760925836
Jiangxi Province,2012,102.7,8103,20085,12952.8,7334,3690,464,1135,4475,25.7,85.11,53857,925985,2930,23877,20757.09,1525.78,39.78,2018,0,1,-6,12.035083798882681,0.8245810055865922,0.2536312849162011,206.9240223463687,5.335642458100558,0.019018994413407823,13.604248318892632,0.008889385474860335,9.469067259972542
Jiangxi Province,2011,105.2,7133,17692,11717.4,6926,3305,439,874,4474,24.6,82.86,49081,769834,2608,23969,17754.18,1380.19,34.19,2018,0,1,-7,10.970272686633885,0.7387125614662494,0.19535091640590077,172.0683951721055,5.357398301296379,0.018520339740724184,12.863576753925184,0.007641931157800625,9.368830195516791
Jiangxi Province,2010,103,5991,15656,9503.4,7574,4366,531,NA,4462,26.3,81.65,43917,NA,NA,NA,13741.58,1124.91,23.05,2018,0,1,-8,9.842447333034514,0.9784849843119677,NA,NA,NA,0.01829896907216495,12.215715034980576,0.005165844912595249,9.15940490829643
Jiangxi Province,2009,99.3,5238,14168,7733,6822,4153,538,500,4432,27.3,79.35,36900,582649,2799,19959,9667.31,802.6,9.79,2018,0,1,-9,8.32581227436823,0.9370487364620939,0.11281588447653429,131.46412454873646,4.503384476534296,0.01790388086642599,12.044991278345377,0.0022089350180505415,8.953252164609035
Jiangxi Province,2008,106,4835,12990,7028.7,6640,4073,577,281,4400,26,76.42,33485,495245,2274,17537,8376.92,715.81,7.76,2018,0,1,-10,7.610227272727273,0.9256818181818182,0.06386363636363636,112.55568181818182,3.9856818181818183,0.017368181818181817,11.702714407454494,0.0017636363636363635,8.857757045940703
Jiangxi Province,2007,104.8,4152,11551,5847.3,4542,3242,563,NA,4368,24.3,78.17,28969,NA,NA,NA,6105.97,518.02,9.95,2018,0,1,-11,6.632097069597069,0.7422161172161172,NA,NA,NA,0.01789606227106227,11.787131770974094,0.0022779304029304026,8.673735295222704
Jiangxi Province,2006,101.2,3541,9625,4752.4,4276,2800,706,NA,4339,25.3,77.05,23200,NA,NA,NA,4180.26,378.79,9.31,2018,0,1,-12,5.346854113851117,0.6453099792578936,NA,NA,NA,0.01775754782207882,11.035824599382243,0.0021456556810324962,8.466405032584133
Jiangxi Province,2005,101.7,3194,8679,3991.8,3980,2079,804,NA,4311,22.8,64.61,18490,NA,NA,NA,2933.46,200.28,11.12,2018,0,1,-13,4.289028067733704,0.4822546972860125,NA,NA,NA,0.014987241939225238,14.646794487717196,0.0025794479239155646,8.291997535975897
Jiangxi Province,2004,103.5,2837,7605,3451.1,3415,1597,1228,108,4284,22.4,48.99,16326,150868,915,10335,2170.94,159.42,9.37,2018,0,1,-14,3.810924369747899,0.3727824463118581,0.025210084033613446,35.21661998132586,2.4124649859943976,0.011435574229691877,13.617739304980557,0.002187208216619981,8.14644829978626
Jiangxi Province,2003,100.8,2495,6937,2854.7,2939,1155,1071,NA,4254,21.6,35.86,13667,NA,NA,NA,1443.08,76.78,8.33,2018,0,1,-15,3.212740949694405,0.27150916784203105,NA,NA,NA,0.00842971321109544,18.794998697577494,0.0019581570286788903,7.956722037759839
Jiangxi Province,2002,100.1,2335,6363,2487.1,2478,783,1519,NA,4222,17.8,26.63,9869,NA,NA,NA,1164.38,55.17,6.29,2018,0,1,-16,2.337517764092847,0.18545712932259592,NA,NA,NA,0.006307437233538607,21.10531085735001,0.0014898152534343913,7.818872652082295
Jiangxi Province,2001,99.5,2254,5525,2207.1,2284,577,1981,NA,4186,17.3,19.65,7379,NA,NA,NA,991.59,49.05,6.27,2018,0,1,-17,1.7627806975633062,0.1378404204491161,NA,NA,NA,0.004694218824653607,20.215902140672785,0.0014978499761108457,7.699434715606328
Jiangxi Province,2000,100.3,2151,5116,2027.8,2246,252,2509,NA,4149,16.7,14.86,6876,NA,NA,NA,906.76,48.96,6.93,2018,0,1,-18,1.6572668112798266,0.06073752711496746,NA,NA,NA,0.003581585924319113,18.520424836601308,0.001670281995661605,7.614706740518479
Shandong Province,2020,102.8,18753,43726,74355.9,35378,20995,1614,27413,10165,46.7,229.15,1207308,13656187,63062,255281,NA,NA,1903.89,2017,1,1,3,118.77107722577472,2.0654205607476634,2.696802754549926,1343.4517461878997,25.113723561239546,0.02254303984259715,NA,0.18729857353664536,11.216618303144749
Shandong Province,2019,103.2,17775,42329,72024.3,33760,17540,1380,21948,10106,44.2,218.39,575432,12109485,45250,198205,NA,NA,1110.02,2017,1,1,2,56.939639817929944,1.7356026123095192,2.1717791411042944,1198.2470809420147,19.61260637245201,0.021609934692262023,NA,0.10983772016623787,11.184758841057878
Shandong Province,2018,102.5,16297,39549,67864.4,30733,25512,1119,31329,10077,46.5,204.08,345229,14184975,46625,236515,NA,NA,819.95,2017,1,1,1,34.25910489232906,2.5317058648407262,3.1089610002977075,1407.6585293242035,23.470775032251662,0.020252059144586682,NA,0.08136846283616156,11.125266875611423
Shandong Province,2017,101.5,15118,36789,63958.6,29512,25328,1125,28448,10033,45.7,201.53,304218,15636785,43666,239170,NA,NA,511.64,2017,1,1,0,30.321738263729692,2.5244692514701486,2.8354430379746836,1558.5353333997807,23.83833349945181,0.020086713844313764,NA,0.05099571414332702,11.065991278027905
Shandong Province,2016,102.1,13954,34012,59702.6,28527,25871,1124,22769,9973,45.8,199.59,251874,14150035,35835,241761,148872.26,8612.67,395.95,2017,0,1,-1,25.25559009325178,2.5941040810187506,2.283064273538554,1418.8343527524316,24.24155219091547,0.020013035195026573,17.285262293806685,0.039702195929008324,10.997130849521149
Shandong Province,2015,101.2,12930,31545,56159.1,27240,26973,1258,19621,9866,43.7,190.06,219334,12917718,30778,241395,144233.55,8389.55,307.55,2017,0,1,-2,22.23129941212244,2.7339347253192785,1.988749239813501,1309.3166430164201,24.467362659639164,0.019264139468883033,17.19204844121556,0.031172714372592746,10.935944012930255
Shandong Province,2014,101.9,11882,29222,51552.7,26023,26365,1212,17299,9808,43.1,179.67,199227,11755482,34353,230800,139626.62,8671.02,249.29,2017,0,1,-3,20.312703915171287,2.6881117455138663,1.7637642740619903,1198.5605628058727,23.531810766721044,0.018318719412724307,16.10267534845958,0.02541700652528548,10.85035986440717
Shandong Province,2013,102.2,10687,26882,48058.1,25755,25995,1199,15254,9746,42.2,169.85,176491,10528097,31906,227403,128488.73,8283.11,179.4,2017,0,1,-4,18.109070387851425,2.667248101785348,1.5651549353580956,1080.2479991791504,23.33295711060948,0.0174276626308229,15.512136142101214,0.018407551816129696,10.780165974593036
Shandong Province,2012,102.1,9506,24496,43584.3,25885,22923,1165,12202,9708,43.4,165.85,158114,9056007,30119,204398,113114.25,7345.42,140.02,2017,0,1,-5,16.286979810465596,2.361248454882571,1.2569015245158632,932.8396168108776,21.054594149155335,0.01708384837247631,15.399289625372,0.014423156159868151,10.682452272745406
Shandong Province,2011,105,8395,21678,39622,28915,22239,1115,9428,9665,45.1,164.56,143374,7431254,25193,180832,98005.94,7105.47,126.38,2017,0,1,-6,14.834350750129333,2.30098292809105,0.9754785307811692,768.8829798241076,18.709984480082774,0.017026383859286082,13.793027062249225,0.01307604759441283,10.587139798534272
Shandong Province,2010,102.9,7034,18971,34429.4,29486,28873,1215,NA,9588,44.5,163.14,124523,NA,NA,NA,82652.14,6638.05,100.68,2017,0,1,-7,12.987380058406341,3.0113683771380892,NA,NA,NA,0.017015018773466832,12.451268068182674,0.010500625782227786,10.44666612951793
Shandong Province,2009,100,6154,17006,29957.2,30579,29554,1287,5430,9470,45.1,159.3,112000,4567136,18858,129892,70148.15,5591.61,71.94,2017,0,1,-8,11.826821541710665,3.120802534318902,0.573389651531151,482.2741288278775,13.716156282998943,0.01682154171066526,12.545250831155963,0.0075966209081309395,10.307524975319765
Shandong Province,2008,105.3,5671,15628,27460.2,32052,26993,1358,4125,9417,60.7,153.4,101163,3759077,12585,124042,60731.24,6267.04,66.01,2017,0,1,-9,10.74259318254221,2.8664118084315597,0.43803759158967825,399.1798874376128,13.172135499628332,0.01628968886057131,9.690578008118665,0.007009663374747797,10.220492962616634
Shandong Province,2007,104.4,5009,13726,22994.5,20084,21369,1306,NA,9367,43.5,144.04,96311,NA,NA,NA,49020.58,5524.19,45.03,2017,0,1,-10,10.281947261663285,2.2813067150635207,NA,NA,NA,0.01537738870502829,8.873804123319438,0.004807302231237323,10.043010335880263
Shandong Province,2006,101,4387,11780,19184,20909,18249,1360,NA,9309,43.7,133.81,88500,NA,NA,NA,38172.55,4508.81,23.2,2017,0,1,-11,9.506928778601354,1.9603609410248146,NA,NA,NA,0.014374261467397143,8.466213923407729,0.0024922118380062306,9.861831877267296
Shandong Province,2005,101.7,3946,10422,16120.9,20153,14309,1394,NA,9248,42.9,117.13,78620,NA,NA,NA,29982.17,3490.1,98.36,2017,0,1,-12,8.501297577854672,1.5472534602076125,NA,NA,NA,0.012665441176470588,8.590633506203261,0.010635813148788927,9.68787184576762
Shandong Province,2004,103.6,3519,9191,13456.2,19251,11499,1496,1202,9180,42.3,94.61,69410,1185772,4842,43800,22038.17,2911.14,75.09,2017,0,1,-13,7.561002178649238,1.2526143790849673,0.13093681917211328,129.1690631808279,4.771241830065359,0.010306100217864924,7.570288615456487,0.008179738562091504,9.507195245360299
Shandong Province,2003,101.1,3159,8212,11028,17237,6129,1961,NA,9125,41.3,76.14,59662,NA,NA,NA,15061.77,2045.56,52.57,2017,0,1,-14,6.538301369863014,0.6716712328767124,NA,NA,NA,0.008344109589041096,7.363152388587967,0.005761095890410959,9.308192772143688
Shandong Province,2002,99.3,2955,7473,10192.6,14741,3953,2082,NA,9082,39.7,58.36,47087,NA,NA,NA,11241.66,1536.05,34.77,2017,0,1,-15,5.18465095793878,0.435256551420392,NA,NA,NA,0.0064258973794318434,7.318550828423554,0.0038284518828451885,9.229417245780919
Shandong Province,2001,101.8,2810,6995,9172.3,13753,2952,2403,NA,9041,35.4,44.94,42516,NA,NA,NA,9168.61,1273.95,32.19,2017,0,1,-16,4.702577148545515,0.32651255392102646,NA,NA,NA,0.004970689083066032,7.196993602574669,0.0035604468532242006,9.12394335168537
Shandong Province,2000,100.2,2663,6417,8348.5,12389,1754,2774,NA,8998,37.5,32.53,38950,NA,NA,NA,8133.37,1137.85,28.81,2017,0,1,-17,4.328739719937764,0.19493220715714604,NA,NA,NA,0.003615247832851745,7.148015995078438,0.0032018226272505,9.029837160989011
Henan Province,2020,102.8,16108,34750,54160.6,10243,15706,838,9899,9941,62.2,249.22,111920,6855770,26416,145464,NA,NA,379.78,2018,1,1,2,11.258424705764007,1.5799215370687054,0.9957750729302887,689.6459108741575,14.632733125440097,0.025069912483653554,NA,0.0382034000603561,10.899708985811351
Henan Province,2019,103,15164,34201,53739.3,10145,11979,776,8734,9901,49.4,231.97,116307,6087153,23810,140361,NA,NA,231.89,2018,1,1,1,11.746995253004746,1.20987779012221,0.8821331178668821,614.8018381981618,14.176446823553176,0.02342894657105343,NA,0.02342086657913342,10.891899856405452
Henan Province,2018,102.3,13831,31874,50273.5,8257,10151,687,8911,9864,48.6,214.08,105408,5289250,16774,128054,NA,NA,149.28,2018,1,1,0,10.686131386861314,1.029095701540957,0.9033860502838605,536.2175587996755,12.981954582319545,0.02170316301703163,NA,0.015133819951338199,10.825233378293218
Henan Province,2017,101.4,12719,29558,44586.5,7827,10105,731,7704,9829,40.7,200.47,104538,4722542,15973,123619,NA,NA,76.85,2018,0,1,-1,10.635669956251908,1.0280801709227796,0.7838030318445417,480.47024112320685,12.576966120663343,0.02039576762641164,NA,0.007818699765998575,10.705186401605156
Henan Province,2016,101.9,11697,27233,40167.7,8058,10826,798,6197,9778,43.6,187.48,82249,4096962,12562,132731,79404.82,3747.01,58.71,2018,0,1,-2,8.411638371855185,1.1071793822867662,0.633769687052567,418.9979545919411,13.574452853344242,0.019173655144201267,21.191515368253622,0.0060042953569237065,10.600818469054904
Henan Province,2015,101.3,10853,25576,36798.2,8316,10661,820,5250,9701,42.5,176.69,68710,3688252,11764,131051,73367.3,4004.25,45.04,2018,0,1,-3,7.082774971652407,1.098958870219565,0.541181321513246,380.19296979692814,13.509019688691888,0.018213586228223895,18.32235749516139,0.004642820327801257,10.513204209917262
Henan Province,2014,101.9,9966,23672,34611.2,10056,10665,805,5072,9645,40,167.97,58878,3372310,12635,134256,67148.67,3213.4,40.79,2018,0,1,-4,6.104510108864697,1.1057542768273716,0.5258683255572836,349.6433385173665,13.919751166407465,0.017415241057542767,20.896455467728885,0.004229134266459305,10.451932608088427
Henan Province,2013,102.9,8969,21741,31621.4,9934,10724,803,4182,9573,40.2,161.83,47787,2953410,11257,125091,58779.98,2610,40.24,2018,0,1,-5,4.9918520839862115,1.120233991434242,0.43685365089313694,308.5145722344093,13.067063616421185,0.016904836519377416,22.52106513409962,0.004203488979421289,10.361589385558146
Henan Province,2012,102.5,7963,19843,28878.5,10168,10846,782,3496,9532,38.3,155.9,46341,2489651,9349,102846,50770.49,2029.19,39.94,2018,0,1,-6,4.861624003357113,1.1378514477549309,0.36676458245908516,261.1887326898867,10.789550986151909,0.016355434326479228,25.020076976527577,0.004190096516995384,10.27085265259971
Henan Province,2011,105.6,6989,17661,26212.2,10404,10992,764,2961,9461,38.4,150.01,42353,2137236,8415,93833,46177.36,1268.28,38.76,2018,0,1,-7,4.476588098509671,1.1618222175245745,0.312969030757848,225.89958778141846,9.917873374907515,0.015855617799386955,36.40943640205633,0.004096818518127048,10.173980230223366
Henan Province,2010,103.5,5846,15463,22568.2,10254,12495,881,NA,9405,38.2,145.67,37866,NA,NA,NA,34532.45,632.48,27.2,2018,0,1,-8,4.02615629984051,1.328548644338118,NA,NA,NA,0.01548856990962254,54.598485327599285,0.0028920786815523655,10.024297114748201
Henan Province,2009,99.4,5064,13982,19077.1,10676,11347,804,2096,9487,38.5,136.88,34700,1334943,6981,69647,27282.22,449.64,26.3,2018,0,1,-9,3.65763676610098,1.1960577632549805,0.22093390956045114,140.7128702434911,7.341309159903025,0.014428164857172973,60.675696112445515,0.0027722146094655846,9.856243941836127
Henan Province,2008,107,4672,12901,17541.9,11166,11623,970,1587,9429,36.5,125.02,29305,976394,5151,52482,25595.5,685.63,25.44,2018,0,1,-10,3.107964789479266,1.2326863930427405,0.16831053133948456,103.55223247428147,5.566019726376074,0.013259094283593169,37.3313594796027,0.0026980591791282214,9.772347583890815
Henan Province,2007,105.4,4021,11217,14773.2,2983,7498,1015,NA,9360,33.1,109.52,25656,NA,NA,NA,20100.82,607.95,26.19,2018,0,1,-11,2.741025641025641,0.8010683760683761,NA,NA,NA,0.0117008547008547,33.063278230117604,0.002798076923076923,9.60057000744157
Henan Province,2006,101.3,3389,9611,11974.6,2813,6086,1192,NA,9392,35.4,97.41,23300,NA,NA,NA,13676.49,799.52,23.73,2018,0,1,-12,2.4808347529812607,0.6479982964224872,NA,NA,NA,0.010371592844974445,17.10587602561537,0.002526618398637138,9.39054301879847
Henan Province,2005,102.1,2970,8512,10199.5,2877,4940,1280,NA,9380,33,85.19,20640,NA,NA,NA,10320.95,714.21,26.37,2018,0,1,-13,2.2004264392324093,0.5266524520255863,NA,NA,NA,0.009082089552238807,14.450861791349883,0.0028113006396588485,9.23009397846302
Henan Province,2004,105.4,2630,7584,8493.5,2600,5214,1715,445,9717,31.2,70.28,14861,274981,2403,25197,7449.37,342.69,20.32,2018,0,1,-14,1.529381496346609,0.5365853658536586,0.04579602758052897,28.298960584542556,2.5930842852732323,0.007232684985077699,21.737926405789487,0.0020911804054749407,9.047056444059367
Henan Province,2003,101.6,2292,6833,7017.1,2403,2436,2253,NA,9667,26.3,55.72,12628,NA,NA,NA,5286.16,224.28,19.27,2018,0,1,-15,1.3062997827661116,0.2519913106444605,NA,NA,NA,0.005763939174511223,23.569466738006064,0.001993379538636599,8.856105306255204
Henan Province,2002,100.1,2262,6176,6094.2,2437,1815,2562,NA,9613,25.4,46.8,11816,NA,NA,NA,4232.28,170.4,17.85,2018,0,1,-16,1.2291688338708,0.1888068240923749,NA,NA,NA,0.004868407365026526,24.83732394366197,0.0018568605014043485,8.71509277817351
Henan Province,2001,100.7,2133,5221,5586.6,2401,1360,2856,NA,9555,23.1,36.91,10073,NA,NA,NA,3761.94,127.42,21.26,2018,0,1,-17,1.0542124542124542,0.1423338566195709,NA,NA,NA,0.003862899005756148,29.52393658766285,0.0022250130821559392,8.628126152122539
Henan Province,2000,99.2,2011,4735,5097.3,3004,1145,3069,NA,9488,21.4,27.34,11359,NA,NA,NA,3424.92,119.76,21.16,2018,0,1,-18,1.1971964586846544,0.12067875210792581,NA,NA,NA,0.0028815345699831365,28.59819639278557,0.0022301854974704893,8.536466266759822
Hubei Province,2020,102.7,16306,36706,43017.6,12468,11238,798,18798,5745,55.3,161.69,237071,6109588,20626,125066,NA,NA,1665.81,2017,1,1,3,41.26562228024369,1.9561357702349869,3.2720626631853786,1063.4617928633595,21.769538729329852,0.028144473455178416,NA,0.28995822454308096,10.669364613259933
Hubei Province,2019,103.1,16391,37601,45557,12378,9806,774,16366,5927,37.6,150.08,186438,5865143,17424,115743,NA,NA,1429.84,2017,1,1,2,31.455711152353636,1.6544626286485575,2.7612620212586467,989.5635228614814,19.528091783364264,0.025321410494347902,NA,0.24124177492829424,10.726719568158678
Hubei Province,2018,101.9,14978,34455,42425.5,11761,9054,716,12858,5917,36.1,143.82,142275,5255194,13574,105041,NA,NA,1204.09,2017,1,1,1,24.045124218353894,1.5301673145174919,2.173060672638161,888.1517660976847,17.752408315024507,0.024306236268379244,NA,0.20349670441101908,10.655504875536808
Hubei Province,2017,101.5,13812,31889,37624.2,10962,8191,768,10112,5904,37.1,140.09,115103,4689377,12968,94241,NA,NA,1033.08,2017,1,1,0,19.495765582655828,1.3873644986449865,1.7127371273712737,794.2711720867209,15.962228997289973,0.0237279810298103,NA,0.17497967479674795,10.535402739366656
Hubei Province,2016,102.2,12725,29386,33767.6,8976,8857,772,9227,5885,32.9,140.18,99316,4459622,10363,96340,47295.43,1905.07,903.84,2017,0,1,-1,16.876125743415464,1.5050127442650807,1.5678844519966015,757.7947323704333,16.370433305012746,0.023819881053525914,24.826085130730107,0.1535836873406967,10.427257041857942
Hubei Province,2015,101.5,11844,27051,30661.6,8646,8833,759,7227,5850,33.4,141.06,89231,4072726,8647,86813,44113.44,1688.02,789.34,2017,0,1,-2,15.253162393162393,1.50991452991453,1.2353846153846153,696.1924786324786,14.839829059829059,0.024112820512820512,26.133244866766983,0.13492991452991454,10.330766336321867
Hubei Province,2014,102,10849,24852,28805.9,8160,8586,742,6471,5816,37.9,141.97,77671,3629506,9955,91456,42012.2,1456.4,580.68,2017,0,1,-3,13.354711141678129,1.4762723521320495,1.1126203576341127,624.0553645116919,15.724896836313617,0.024410247592847316,28.846608074704747,0.09984181568088032,10.268335506253976
Hubei Province,2013,102.8,9692,22668,25851.7,7693,7686,728,6119,5798,40.2,142.14,65357,3117987,9522,85826,38107.78,1544.19,397.62,2017,0,1,-4,11.272335288030355,1.3256295274232495,1.0553639185926182,537.7694032424974,14.802690582959642,0.024515350120731284,24.67816784204016,0.06857882028285615,10.160131641797427
Hubei Province,2012,102.9,8582,20623,22921,8023,6020,676,4789,5781,42.3,138.61,58274,2633099,8062,77087,32473.97,1393.6,196.39,2017,0,1,-5,10.080262930288878,1.0413423283169,0.8284033904168829,455.47465836360493,13.334544196505794,0.023976820619270024,23.30221727898967,0.03397163120567376,10.039808799894367
Hubei Province,2011,105.8,7540,18183,20228.3,7473,5205,658,3469,5760,55.1,134.03,51896,2107553,7077,71281,27325.7,1191.94,125.69,2017,0,1,-6,9.009722222222223,0.9036458333333334,0.6022569444444444,365.89461805555555,12.37517361111111,0.023269097222222222,22.925398929476316,0.021821180555555555,9.914837893017324
Hubei Province,2010,102.9,6375,15891,16489.1,7486,9313,886,NA,5728,55.7,129.69,42864,NA,NA,NA,21118.44,958.14,90.72,2017,0,1,-7,7.483240223463687,1.625872905027933,NA,NA,NA,0.02264141061452514,22.041079591708936,0.01583798882681564,9.710454835531738
Hubei Province,2009,99.6,5464,14229,13422.6,7237,7875,864,2813,5720,55.3,124.91,37700,1205733,6104,50425,15164.52,653.47,77.03,2017,0,1,-8,6.590909090909091,1.3767482517482517,0.4917832167832168,210.7924825174825,8.81555944055944,0.021837412587412588,23.206145653205198,0.013466783216783218,9.504695132445914
Hubei Province,2008,106.3,5018,13037,11707.8,7560,6432,887,1220,5711,55.1,118.49,34030,872514,4531,42282,13146.93,674.02,62.9,2017,0,1,-9,5.958676238837332,1.1262475923656101,0.2136228331290492,152.77779723340922,7.4036070740675886,0.02074767991595167,19.505252069671524,0.01101383295394852,9.368010565329008
Hubei Province,2007,104.8,4276,11394,9601.8,3964,4512,834,NA,5699,54.1,116.37,31345,NA,NA,NA,9403.07,549.77,52.21,2017,0,1,-10,5.500087734690297,0.7917178452360063,NA,NA,NA,0.020419371819617477,17.1036433417611,0.009161256360765046,9.169705859879999
Hubei Province,2006,101.6,3631,9733,7636.7,4230,3555,873,NA,5693,52.6,109.23,28000,NA,NA,NA,7301.67,449.94,44.44,2017,0,1,-11,4.9183207447742845,0.6244510802740207,NA,NA,NA,0.01918672053398911,16.228097079610617,0.007806077639206042,8.94072085167606
Hubei Province,2005,102.9,3268,8730,6548.8,4284,3009,1058,NA,5710,52.6,101.27,25780,NA,NA,NA,5937.38,316.36,50.18,2017,0,1,-12,4.5148861646234675,0.5269702276707531,NA,NA,NA,0.01773555166374781,18.767796181565306,0.008788091068301225,8.787037105738138
Hubei Province,2004,104.9,3027,7978,5619.2,4173,2404,1327,445,5698,49.4,89.2,22694,263306,1714,21065,4868.66,234.98,46.17,2017,0,1,-13,3.982800982800983,0.4219024219024219,0.0780975780975781,46.21024921024921,3.6969111969111967,0.015654615654615654,20.719465486424376,0.008102843102843102,8.633944584000742
Hubei Province,2003,102.2,2669,7287,4818.8,4031,2301,1617,NA,5685,49.3,72.15,17676,NA,NA,NA,3967.67,160.42,41.25,2017,0,1,-14,3.1092348284960423,0.40474934036939314,NA,NA,NA,0.012691292875989447,24.73301333998255,0.007255936675461741,8.480280213392698
Hubei Province,2002,99.6,2525,6762,4263,3705,1598,2100,NA,5672,44.7,58.5,15854,NA,NA,NA,3514.47,145.41,34.86,2017,0,1,-15,2.7951339915373765,0.2817348377997179,NA,NA,NA,0.010313822284908321,24.169383123581596,0.0061459802538787025,8.35772841676521
Hubei Province,2001,100.3,2414,5838,3921.5,4443,1132,2498,NA,5658,42.2,45.33,14143,NA,NA,NA,3161.77,119.79,33.86,2017,0,1,-16,2.4996465182043126,0.20007069635913752,NA,NA,NA,0.008011664899257687,26.39427331162868,0.0059844468009897485,8.27422951265272
Hubei Province,2000,99,2313,5512,3577.4,5123,614,2965,NA,5646,36.6,35.77,16670,NA,NA,NA,3038.08,136.49,27.6,2017,0,1,-17,2.9525327665603966,0.1087495572086433,NA,NA,NA,0.006335458731845555,22.258627005641436,0.004888416578108396,8.182391558559145
Hunan Province,2020,102.3,16585,41698,41693.7,10715,15659,759,15169,6645,31.4,151.03,214906,6645286,25510,121470,NA,NA,735.95,2018,1,1,2,32.34100827689993,2.3565086531226487,2.2827689992475544,1000.0430398796087,18.279909706546274,0.02272836719337848,NA,0.11075244544770504,10.6381053172366
Hunan Province,2019,102.9,15395,39842,39930.7,9870,12993,757,13356,6640,31.1,140.71,184126,5931485,21212,106946,NA,NA,490.69,2018,1,1,1,27.729819277108433,1.9567771084337349,2.01144578313253,893.2959337349398,16.10632530120482,0.021191265060240966,NA,0.07389909638554217,10.594900730582294
Hunan Province,2018,102,14093,36698,36629.3,8765,12303,715,11517,6635,40.4,132.68,183185,5167217,15311,102800,NA,NA,281.61,2018,1,1,0,27.608892238131123,1.854257724189902,1.7357950263752826,778.7817633760362,15.493594574227581,0.01999698568198945,NA,0.04244310474755087,10.50860374557115
Hunan Province,2017,101.4,12936,33948,34127.7,7733,11514,736,9144,6633,44.5,127.32,163392,4617716,10411,94228,NA,NA,203.19,2018,0,1,-1,24.633197648123023,1.7358661239258255,1.378561736770692,696.1730740238203,14.205939996984773,0.019194934418815014,NA,0.03063319764812302,10.43786465023649
Hunan Province,2016,101.9,11930,31284,31225,6677,10650,742,8021,6625,44.9,122.5,58000,3929647,7899,86440,39319.29,1439.57,105.63,2018,0,1,-2,8.754716981132075,1.6075471698113208,1.2107169811320755,593.1542641509434,13.04754716981132,0.01849056603773585,27.313218530533426,0.015944150943396226,10.348974334993779
Hunan Province,2015,101.4,10993,28838,28811.7,5865,10094,764,7591,6615,45.1,118.06,52147,3525450,6646,83821,36231.56,1411.32,105.06,2018,0,1,-3,7.883144368858654,1.525925925925926,1.1475434618291762,532.9478458049887,12.6713529856387,0.017847316704459562,25.67210838080662,0.015882086167800454,10.268536833626849
Hunan Province,2014,101.9,10060,26570,26309.1,5353,9486,754,7333,6611,47.3,113.63,46307,3100446,9393,77428,34393.66,1330.17,97.93,2018,0,1,-4,7.004537891393133,1.4348812585085464,1.1092119195280592,468.98290727575255,11.711995159582514,0.017188019966722128,25.85658975920371,0.014813190137649373,10.177670165923592
Hunan Province,2013,102.5,9029,24352,23916.3,5020,9194,752,6880,6600,45.6,110.08,40486,2703987,8425,73558,32157.78,1251.75,77.21,2018,0,1,-5,6.134242424242424,1.393030303030303,1.0424242424242425,409.695,11.145151515151515,0.01667878787878788,25.69025763930497,0.011698484848484847,10.082315513825783
Hunan Province,2012,102,8024,22173,21513.7,4882,8575,727,6299,6590,44.1,108.22,38381,2290877,7563,69784,28185.44,1034.03,42.24,2018,0,1,-6,5.82412746585736,1.3012139605462822,0.9558421851289833,347.62928679817907,10.58937784522003,0.01642185128983308,27.25785518795393,0.006409711684370259,9.976445220486434
Hunan Province,2011,105.5,7082,19599,19176.4,5257,8224,738,4894,6581,43.1,106.79,34958,1817773,6928,57478,26022.13,748.67,35.39,2018,0,1,-7,5.311958668895305,1.2496581066707186,0.7436559793344476,276.2153168211518,8.733931013523781,0.01622701717064276,34.75781051731738,0.005377602188117308,9.86143563530426
Hunan Province,2010,103.1,6063,17229,15814.9,5410,9152,833,NA,6570,43.2,104.72,32406,NA,NA,NA,18731.35,494.65,40.09,2018,0,1,-8,4.932420091324201,1.3929984779299849,NA,NA,NA,0.015939117199391173,37.867886384312136,0.0061019786910197875,9.668707812608787
Hunan Province,2009,99.6,5262,15641,12965.9,5220,9021,823,3786,6406,47.8,101.68,28000,1096144,5669,38041,13318.89,323.76,44.04,2018,0,1,-9,4.370902279113332,1.40821105213862,0.5910084295972525,171.1120824227287,5.938339057133937,0.015872619419294413,41.13815789473684,0.006874804870433968,9.470078113226409
Hunan Province,2008,106,4808,14288,11466.6,5085,8066,854,1348,6380,47,95.23,26622,811298,3606,32465,11402.12,577.13,47.7,2018,0,1,-10,4.172727272727273,1.2642633228840126,0.21128526645768025,127.16269592476489,5.088557993730408,0.014926332288401255,19.756588636875577,0.007476489028213166,9.347193740722991
Hunan Province,2007,105.6,4134,12669,9409.9,2964,6319,858,NA,6355,44.4,89.86,24324,NA,NA,NA,8383.83,468.24,46.08,2018,0,1,-11,3.827537372147915,0.9943351691581432,NA,NA,NA,0.014140047206923682,17.904984623270117,0.007250983477576711,9.149517605530397
Hunan Province,2006,101.4,3567,10791,7529.2,2948,5409,1031,NA,6342,43.3,83.02,21300,NA,NA,NA,6103.3,382.24,45.53,2018,0,1,-12,3.358561967833491,0.8528855250709555,NA,NA,NA,0.013090507726269315,15.967193386354124,0.00717912330495112,8.926544073450023
Hunan Province,2005,102.3,3262,9754,6451.7,2712,4379,1058,NA,6326,41.9,75.49,15820,NA,NA,NA,4721.59,257.69,41.74,2018,0,1,-13,2.5007903888713248,0.692222573506165,NA,NA,NA,0.011933291179260196,18.32275214404905,0.006598166297818527,8.772098940953903
Hunan Province,2004,105.1,2952,8799,5619.6,2598,3380,1474,745,6698,43,63.9,11908,186180,1078,15057,3616.95,235.98,40.83,2018,0,1,-14,1.7778441325768886,0.5046282472379815,0.11122723200955509,27.796357121528814,2.247984472977008,0.00954016124216184,15.327358250699211,0.006095849507315616,8.634015765977496
Hunan Province,2003,102.4,2619,7811,4726.9,2337,2034,1642,NA,6663,37.1,53.72,10214,NA,NA,NA,2607.09,151.2,36.93,2018,0,1,-15,1.5329431187152933,0.30526789734353893,NA,NA,NA,0.008062434338886388,17.242658730158734,0.0055425484016208915,8.461024875502826
Hunan Province,2002,99.5,2465,7061,4207.2,2152,1303,2043,NA,6629,30.4,41.94,8681,NA,NA,NA,2090.4,125.08,32.34,2018,0,1,-16,1.3095489515764067,0.1965605672047066,NA,NA,NA,0.006326746115552873,16.712503997441637,0.00487856388595565,8.344552622275135
Hunan Province,2001,99.1,2351,6861,3877.1,2080,875,2117,NA,6596,30.3,33.13,6567,NA,NA,NA,1788.02,101.65,29.39,2018,0,1,-17,0.9956033959975743,0.1326561552456034,NA,NA,NA,0.005022741055184961,17.589965568125923,0.0044557307459066105,8.262842730477317
Hunan Province,2000,101.4,2234,6274,3591,2316,471,2339,NA,6562,27.6,26.58,7306,NA,NA,NA,1605.37,92.69,28.68,2018,0,1,-18,1.1133800670527279,0.07177689728741238,NA,NA,NA,0.004050594330996647,17.31977559607293,0.004370618713806766,8.186185994226083
Guangdong Province,2020,102.6,20143,50257,113708.9,175397,37305,1229,127497,12624,73.9,240.02,2167181,24999527,132120,700017,NA,NA,3267.21,2014,1,1,6,171.67149873257287,2.9550855513307983,10.099572243346008,1980.3174112801014,55.451283269961976,0.01901299112801014,NA,0.25880941064638785,11.641396952840555
Guangdong Province,2019,103.4,18818,48118,110468.1,179268,30961,1181,121320,12489,36.9,205.4,1953252,23148566,106340,642490,NA,NA,2223.08,2014,1,1,5,156.3977900552486,2.479061574185283,9.71414845063656,1853.5163744094802,51.444471134598444,0.01644647289614861,NA,0.17800304267755623,11.6124820704788
Guangdong Province,2018,102.2,17168,44341,101875.9,170968,20061,1058,103499,12348,36.6,196.32,1923465,21072031,76985,621950,NA,NA,1365.42,2014,1,1,4,155.77137998056367,1.6246355685131195,8.381843213475866,1706.5136864269518,50.368480725623584,0.015898931000971818,NA,0.11057823129251701,11.531510684859969
Guangdong Province,2017,101.5,15780,40975,93004.8,135869,19918,1058,86724,12141,37.1,192.58,1762227,18650313,73439,457342,NA,NA,937.08,2014,1,1,3,145.14677538917718,1.6405567910386294,7.143068939955523,1536.1430689399556,37.66921999835269,0.015861955357878266,NA,0.0771830985915493,11.44040638370672
Guangdong Province,2016,102.3,14512,37684,83493.4,119688,17225,1079,68168,11908,38,189.29,781571,16762749,50740,423730,129840.69,32240.68,758.17,2014,1,1,2,65.63411152166611,1.4465065502183405,5.724554921061471,1407.6880248572388,35.58364124958011,0.015896036278132346,4.0272317457324105,0.06366896204232449,11.332522865798802
Guangdong Province,2015,101.5,13360,34757,75820.8,111169,16581,1035,51672,11678,37,185.64,644310,15205497,37375,411059,121049.68,32035.16,662.58,2014,1,1,1,55.17297482445624,1.41984928926186,4.4247302620311695,1302.063452646001,35.199434834731974,0.015896557629731117,3.7786507075350957,0.056737455043671864,11.236127940320385
Guangdong Province,2014,102.3,12246,32148,69593.4,104555,15974,1017,55624,11489,36.8,179.42,562063,13752869,42941,424872,116336.46,32885.91,413.25,2014,1,1,0,48.921838280094,1.3903734006440944,4.841500565758552,1197.0466533205674,36.980764209243624,0.015616676821307336,3.5375776434345285,0.03596918791887893,11.150425014239884
Guangdong Province,2013,102.5,11068,29537,63757.3,100639,15883,1038,47213,11270,38,170.99,512640,12374791,40759,426330,106853.68,30205.44,529.39,2014,0,1,-1,45.4871339840284,1.4093167701863354,4.189263531499557,1098.029370008873,37.828748890860695,0.015172138420585627,3.537564094414781,0.04697338065661047,11.062838966268847
Guangdong Province,2012,102.8,9999,26981,58057.6,98564,14322,1012,44200,11041,39.6,161.68,478645,10778634,37460,424563,93754.37,28540.5,364.94,2014,0,1,-2,43.3515985870845,1.29716511185581,4.003260574223349,976.2371162032424,38.45331038855176,0.014643601123086677,3.284958918028766,0.03305316547414183,10.969190900175844
Guangdong Province,2011,105.3,8889,24010,54009.6,97084,14632,1021,36053,10756,38.8,152.73,452466,8994412,29243,346260,92612.39,27409.88,275.06,2014,0,1,-3,42.06638155448122,1.3603570100409075,3.3518966158423207,836.2227593901079,32.192264782447005,0.014199516548902938,3.378795894035289,0.025572703607288954,10.896917087523592
Guangdong Province,2010,103.1,7484,21332,46821.3,93756,23015,1250,NA,10441,39.3,142.66,421260,NA,NA,NA,83646.51,25919.08,235.89,2014,0,1,-4,40.34671008524088,2.2042907767455224,NA,NA,NA,0.013663442199023082,3.2272175555613853,0.022592663537975288,10.75409350657144
Guangdong Province,2009,97.7,6580,19432,40215.7,90189,22119,1264,27768,10130,39.5,133.41,393900,5523733,24888,228907,66292.14,21087.52,170.98,2014,0,1,-5,38.884501480750245,2.1835143139190523,2.7411648568608094,545.2846001974334,22.5969397828233,0.01316979269496545,3.143666965105427,0.016878578479763078,10.602012745627063
Guangdong Province,2008,105.6,6122,17930,37351.5,90114,21658,1487,18802,9893,38.1,121.64,372646,4423514,15280,197488,63547.23,23896.31,201.63,2014,0,1,-6,37.66764378853735,2.1892247043363993,1.900535732335995,447.1357525523097,19.96239765490751,0.012295562518952795,2.6592904929673242,0.02038107752956636,10.528128350397116
Guangdong Province,2007,103.7,5403,16228,32308.5,66789,16341,1332,NA,9660,36.2,111.97,350705,NA,NA,NA,54054.36,21891.8,132.84,2014,0,1,-7,36.304865424430645,1.691614906832298,NA,NA,NA,0.011591097308488613,2.469160142153683,0.013751552795031057,10.38308563248552
Guangdong Province,2006,101.8,4901,14815,26403.1,61999,13753,1536,NA,9442,36.2,100.86,314300,NA,NA,NA,43623.54,18760.23,107.03,2014,0,1,-8,33.28743910188519,1.456576996399068,NA,NA,NA,0.010682058885829274,2.325320105350521,0.011335522135140861,10.181236706483144
Guangdong Province,2005,102.3,4544,13783,22366.1,58762,12145,1806,NA,9194,34.5,87.47,288920,NA,NA,NA,35045.52,14326.66,112.47,2014,0,1,-9,31.42484228844899,1.3209701979551882,NA,NA,NA,0.009513813356536872,2.4461751727199497,0.012232978029149445,10.015301698650301
Guangdong Province,2004,103,4247,12829,18994,55259,11635,2080,4053,9111,35.9,72.69,260957,1631096,3815,54474,28902.3,12933.67,57.27,2014,0,1,-10,28.64197124355175,1.2770277686313247,0.4448468883766875,179.02491493798703,5.978926572275272,0.007978268027658874,2.2346557473632775,0.006285808363516629,9.851878418802897
Guangdong Province,2003,100.6,3960,11759,16286.6,51672,7175,2103,NA,8963,35.5,58.78,241262,NA,NA,NA,20925.76,9064.67,80.57,2014,0,1,-11,26.917549927479637,0.8005132210197479,NA,NA,NA,0.006558072074082338,2.3084966137763425,0.008989177730670534,9.698097962807369
Guangdong Province,2002,98.6,3836,10673,13848.6,49875,5744,2531,NA,8842,36.5,46.78,236354,NA,NA,NA,16026.58,6679.92,68.45,2014,0,1,-12,26.730830128930105,0.6496267812712057,NA,NA,NA,0.005290658222121692,2.3992173558964778,0.007741461207871523,9.53593942347376
Guangdong Province,2001,99.3,3711,10068,12319.2,47102,4430,2793,NA,8733,34.5,38.19,221823,NA,NA,NA,13701.76,5352.14,53.97,2014,0,1,-13,25.40054963929921,0.5072712698957975,NA,NA,NA,0.004373067674338715,2.560052614468231,0.00618000687049124,9.418914299914203
Guangdong Province,2000,101.4,3612,9518,10958.4,49865,2886,3320,NA,8650,30.2,30.6,216510,NA,NA,NA,12156.19,4634.44,48.21,2014,0,1,-14,25.030057803468207,0.3336416184971098,NA,NA,NA,0.0035375722543352604,2.623011626000121,0.005573410404624278,9.30186156444364
Guangxi Zhuang Autonomous Region,2020,102.8,14815,35859,22250.7,6577,5204,657,2803,5019,22.9,118.42,289389,1133332,4213,20407,NA,NA,91.67,NA,0,0,NA,57.658696951583984,1.036859932257422,0.558477784419207,225.8083283522614,4.065949392309225,0.023594341502291293,NA,0.01826459454074517,10.010128747773667
Guangxi Zhuang Autonomous Region,2019,103.7,13676,34745,21341.5,5972,4013,589,2634,4982,19.7,107.64,91640,1044742,3937,22102,NA,NA,77.56,NA,0,0,NA,18.39421918908069,0.8054997992773987,0.5287033319951827,209.70333199518265,4.436370935367322,0.02160578081091931,NA,0.015568044961862705,9.968408812919689
Guangxi Zhuang Autonomous Region,2018,102.3,12435,32436,19951.7,5333,3784,542,2559,4947,16.7,94.22,62723,891031,2884,17228,NA,NA,61.41,NA,0,0,NA,12.678997372144734,0.7649080250656963,0.5172832019405701,180.11542348898323,3.482514655346675,0.019045886395795433,NA,0.012413583990297149,9.901069631720167
Guangxi Zhuang Autonomous Region,2017,101.6,11325,30502,18071.7,4872,3493,538,2502,4907,14.7,86.67,56200,935996,2795,16163,NA,NA,39.42,NA,0,0,NA,11.453026288974934,0.7118402282453637,0.5098838394130834,190.7470959853271,3.2938659058487874,0.01766252292643163,NA,0.008033421642551457,9.802102457744448
Guangxi Zhuang Autonomous Region,2016,101.6,10359,28324,16417.2,4485,3013,572,2660,4857,18.1,81.03,43720,827248,2664,19402,23406.97,843.22,33.99,NA,0,0,NA,9.001441218859378,0.6203417747580812,0.5476631665637225,170.3207741404159,3.9946469013794523,0.016683137739345277,27.759030857901852,0.006998147004323657,9.706084844714068
Guangxi Zhuang Autonomous Region,2015,101.5,9467,26416,15030.2,4215,2995,570,2005,4811,18.1,75.12,42529,769190,2397,19000,21412.39,804.24,7.31,NA,0,0,NA,8.839950114321347,0.6225316981916441,0.41675327374766163,159.88152151319892,3.949282893369362,0.015614217418416131,26.624378295036305,0.001519434628975265,9.61781678937838
Guangxi Zhuang Autonomous Region,2014,102.1,8683,24669,13856.7,3949,2936,552,2423,4770,18.7,70.19,37396,848808,3260,22793,19629.1,734.52,11.58,NA,0,0,NA,7.839832285115304,0.6155136268343816,0.5079664570230608,177.94716981132075,4.778406708595388,0.014714884696016771,26.723710722648804,0.0024276729559748428,9.536524149156628
Guangxi Zhuang Autonomous Region,2013,102.2,7793,22689,12680.6,3756,2970,547,2234,4731,18,65.61,31927,817063,2890,20700,17437.82,670.86,7.34,NA,0,0,NA,6.748467554428239,0.6277742549143944,0.47220460790530544,172.70407947579793,4.375396322130627,0.013868103994927076,25.99323256715261,0.0015514690340308604,9.447828545483715
Guangxi Zhuang Autonomous Region,2012,103.2,6894,20681,11496.6,3773,2799,527,1333,4694,18.9,62.92,31143,702225,3526,20845,14950.7,580.19,2.52,NA,0,0,NA,6.634639965913933,0.5962931401789519,0.28397954835960804,149.60055389859394,4.4407754580315295,0.013404345973583299,25.768627518571503,5.368555602897315e-4,9.349806618463708
Guangxi Zhuang Autonomous Region,2011,105.9,6003,18356,10472.7,4650,2648,504,738,4655,18.8,60.01,29942,586791,2890,20155,12246.51,564.2,5.64,NA,0,0,NA,6.432223415682063,0.5688506981740065,0.15853920515574652,126.05606874328679,4.329752953813104,0.012891514500537056,21.705973059198865,0.0012116004296455424,9.2565271502755
Guangxi Zhuang Autonomous Region,2010,103,5214,16613,8712,5327,3931,632,NA,4610,19.1,56.75,27973,NA,NA,NA,9150.03,385.26,4.14,NA,0,0,NA,6.067895878524946,0.852711496746204,NA,NA,NA,0.012310195227765726,23.75027254321757,8.980477223427332e-4,9.072456664612796
Guangxi Zhuang Autonomous Region,2009,97.9,4517,15074,7243.4,4391,3200,615,501,4856,19.1,52.83,27200,324191,2920,12042,6542.47,254.89,1.77,NA,0,0,NA,5.601317957166392,0.6589785831960461,0.10317133443163097,66.76091433278418,2.4798187808896213,0.010879324546952224,25.667817489897605,3.64497528830313e-4,8.887845988405633
Guangxi Zhuang Autonomous Region,2008,107.8,4143,13829,6561.9,4297,2938,627,306,4816,18.8,48.42,25826,239850,1535,9358,5759.32,340.31,2.7,NA,0,0,NA,5.362541528239203,0.6100498338870431,0.06353820598006645,49.80274086378738,1.9431063122923589,0.010053986710963456,16.92374599629749,5.606312292358804e-4,8.789035474148603
Guangxi Zhuang Autonomous Region,2007,106.1,3579,11953,5556.4,2468,2117,612,NA,4768,18.5,43.43,21908,NA,NA,NA,4446.72,275.77,1,NA,0,0,NA,4.594798657718121,0.444001677852349,NA,NA,NA,0.009108640939597316,16.124741632519857,2.0973154362416107e-4,8.622705695523234
Guangxi Zhuang Autonomous Region,2006,101.3,3038,9720,4479.8,2611,1597,906,NA,4719,20,38.74,18000,NA,NA,NA,3230.4,195.6,0.94,NA,0,0,NA,3.814367450731087,0.33841915660097477,NA,NA,NA,0.008209366391184574,16.515337423312886,1.991947446492901e-4,8.407333681555366
Guangxi Zhuang Autonomous Region,2005,102.4,2708,9138,3789.5,2441,1277,1005,NA,4660,18.5,33.83,14710,NA,NA,NA,2498.53,152.17,9.41,NA,0,0,NA,3.1566523605150216,0.2740343347639485,NA,NA,NA,0.007259656652360514,16.41933364000789,0.00201931330472103,8.239989363252084
Guangxi Zhuang Autonomous Region,2004,104.4,2476,8568,3348.9,2336,1031,1426,140,4889,17.8,28.1,12678,65654,592,4879,1964.65,125.24,9.1,NA,0,0,NA,2.593168337083248,0.21088157087338924,0.028635712824708528,13.428922069952955,0.9979545919410923,0.005747596645530784,15.68708080485468,0.0018613213336060544,8.116387212688796
Guangxi Zhuang Autonomous Region,2003,101.1,2225,7692,2833.6,2311,665,1252,NA,4857,14.9,22.73,10448,NA,NA,NA,1405.13,88.45,4.18,NA,0,0,NA,2.15112209182623,0.13691579164093062,NA,NA,NA,0.004679843524809553,15.886150367439232,8.606135474572781e-4,7.9493032670285695
Guangxi Zhuang Autonomous Region,2002,99.1,2116,7242,2552.8,2509,421,1600,NA,4822,14.7,18.63,10444,NA,NA,NA,1155.15,73.01,4.44,NA,0,0,NA,2.165906262961427,0.08730817088345084,NA,NA,NA,0.0038635420987142262,15.821805232159978,9.207797594359188e-4,7.844946074964033
Guangxi Zhuang Autonomous Region,2001,100.6,2024,6612,2302.8,2436,337,1829,NA,4788,14.2,15.16,10246,NA,NA,NA,1029.35,72.7,3.78,NA,0,0,NA,2.1399331662489556,0.07038429406850459,NA,NA,NA,0.00316624895572264,14.158872077028883,7.894736842105263e-4,7.741881052801655
Guangxi Zhuang Autonomous Region,2000,99.7,1921,5800,2096.7,2705,231,2027,NA,4751,11.3,12.37,10850,NA,NA,NA,981.62,81.2,1.77,NA,0,0,NA,2.2837297411071353,0.04862134287518417,NA,NA,NA,0.0026036623868659226,12.088916256157635,3.7255314670595665e-4,7.648119959151193
Hainan Province,2020,102.3,16279,37097,5640.8,4234,117,68,411,1012,7.9,23.01,2744956,117021,691,2050,NA,NA,20.19,2019,1,1,1,2712.407114624506,0.11561264822134387,0.4061264822134387,115.63339920948617,2.025691699604743,0.02273715415019763,NA,0.019950592885375495,8.63778117840483
Hainan Province,2019,103.4,15113,36017,5442.1,3319,81,56,269,995,5.6,20.74,104528,108154,549,1779,NA,NA,9.11,2019,1,1,0,105.05326633165829,0.0814070351758794,0.27035175879396983,108.69748743718593,1.7879396984924623,0.02084422110552764,NA,0.00915577889447236,8.601920294771569
Hainan Province,2018,102.5,13989,33349,5004.2,2707,50,53,249,982,5.5,18.92,92793,113708,548,1971,NA,NA,6.94,2019,0,1,-1,94.49389002036659,0.05091649694501019,0.2535641547861507,115.79226069246435,2.0071283095723014,0.019266802443991857,NA,0.007067209775967414,8.518032838813681
Hainan Province,2017,102.8,12902,30817,4552.9,2442,50,52,267,972,5.5,18.55,76089,74815,572,1971,NA,NA,4.11,2019,0,1,-2,78.28086419753086,0.051440329218107,0.27469135802469136,76.9701646090535,2.0277777777777777,0.019084362139917696,NA,0.004228395061728395,8.423519671553057
Hainan Province,2016,102.8,11843,28453,4151,2660,45,53,360,957,5.1,18.49,76039,79819,552,2688,1765.1,193.55,3.44,2019,0,1,-3,79.45559038662486,0.047021943573667714,0.3761755485893417,83.40543364681295,2.8087774294670846,0.019320794148380352,9.119607336605528,0.003594566353187043,8.33110454805304
Hainan Province,2015,101,10858,26356,3782.7,3111,49,75,312,945,4.8,18.29,31174,111841,570,3325,1833.26,177.11,2.19,2019,0,1,-4,32.98835978835979,0.05185185185185185,0.33015873015873015,118.35026455026455,3.5185185185185186,0.019354497354497353,10.350968324769916,0.0023174603174603175,8.23819331934729
Hainan Province,2014,102.4,9913,24487,3541.2,3038,46,76,505,936,4.3,18.06,27888,111010,934,3484,1901.15,203.45,0.65,2019,0,1,-5,29.794871794871796,0.049145299145299144,0.5395299145299145,118.60042735042735,3.7222222222222223,0.019294871794871795,9.34455640206439,6.944444444444445e-4,8.172220931736893
Hainan Province,2013,102.8,8802,22411,3201.9,3105,46,80,389,920,3.9,17.21,26994,93567,769,2882,1747.45,162.3,3.87,2019,0,1,-6,29.341304347826085,0.05,0.42282608695652174,101.70326086956521,3.132608695652174,0.018706521739130434,10.766789895255698,0.004206521739130435,8.071499662588028
Hainan Province,2012,103.2,7816,20446,2863.6,3105,44,82,279,910,3.6,16.83,27072,78093,478,2767,1799.06,117.61,0.57,2019,0,1,-7,29.74945054945055,0.04835164835164835,0.3065934065934066,85.81648351648352,3.0406593406593405,0.018494505494505493,15.296828500977808,6.263736263736263e-4,7.95983485352203
Hainan Province,2011,106.1,6801,17954,2525.1,2960,46,78,219,890,2.9,15.67,22066,57760,299,1587,1576.49,98.77,3.46,2019,0,1,-8,24.793258426966293,0.051685393258426963,0.24606741573033708,64.89887640449439,1.7831460674157302,0.01760674157303371,15.961223043434241,0.0038876404494382023,7.83403594488564
Hainan Province,2010,104.8,5566,15229,2073.7,4171,94,101,NA,869,4.8,15.08,25886,NA,NA,NA,1354.09,96.99,3.27,2019,0,1,-9,29.788262370540853,0.10817031070195628,NA,NA,NA,0.017353279631760643,13.961130013403444,0.003762945914844649,7.637089730303795
Hainan Province,2009,99.3,4984,13465,1652.2,4531,96,102,149,864,5.3,14.21,90300,22616,311,1046,1052.92,88.4,0.56,2019,0,1,-10,104.51388888888889,0.1111111111111111,0.1724537037037037,26.175925925925927,1.2106481481481481,0.01644675925925926,11.910859728506788,6.481481481481482e-4,7.409863012128405
Hainan Province,2008,106.9,4593,12367,1502,4921,113,109,43,854,5.6,12.64,96659,8768,74,554,1089.6,62.15,3.56,2019,0,1,-11,113.18384074941451,0.1323185011709602,0.05035128805620609,10.266978922716628,0.6487119437939111,0.014800936768149883,17.531777956556716,0.004168618266978923,7.31455283232408
Hainan Province,2007,105.1,3949,10807,1252.8,3194,105,132,NA,845,5.4,10.83,94102,NA,NA,NA,992.41,81.96,0.73,2019,0,1,-12,111.36331360946745,0.1242603550295858,NA,NA,NA,0.012816568047337279,12.108467545143974,8.639053254437869e-4,7.1331363252365385
Hainan Province,2006,101.5,3376,9250,1040.3,2536,114,239,NA,836,5.2,9.01,11800,NA,NA,NA,622.08,45.73,0.85,2019,0,1,-13,14.114832535885167,0.13636363636363635,NA,NA,NA,0.010777511961722488,13.603323857424012,0.0010167464114832535,6.94726441207685
Hainan Province,2005,101.5,3102,8013,896.1,2456,121,247,NA,828,5.1,7,9200,NA,NA,NA,468.18,25.12,1,2019,0,1,-14,11.11111111111111,0.1461352657004831,NA,NA,NA,0.008454106280193236,18.637738853503183,0.0012077294685990338,6.798052013890174
Hainan Province,2004,104.4,2898,7643,813.1,2329,110,246,19,818,4.7,5.79,8633,11378,111,475,399.51,28.84,0.19,2019,0,1,-15,10.553789731051344,0.13447432762836187,0.023227383863080684,13.90953545232274,0.5806845965770171,0.007078239608801956,13.85263522884882,2.3227383863080685e-4,6.700854103213792
Hainan Province,2003,100.1,2651,7185,722.6,2366,95,346,NA,811,3.6,4.35,8900,NA,NA,NA,321.67,15.8,1.2,2019,0,1,-16,10.974106041923552,0.11713933415536375,NA,NA,NA,0.005363748458692971,20.35886075949367,0.0014796547472256472,6.58285581871354
Hainan Province,2002,99.5,2472,6764,650,2251,89,354,NA,803,4,3.47,9851,NA,NA,NA,258.08,10.35,0.91,2019,0,1,-17,12.26774595267746,0.11083437110834371,NA,NA,NA,0.004321295143212952,24.93526570048309,0.001133250311332503,6.476972362889683
Hainan Province,2001,98.5,2262,5800,585.3,5940,71,372,NA,796,3.8,2.61,21496,NA,NA,NA,209.2,11.1,8.4,2019,0,1,-18,27.00502512562814,0.08919597989949749,NA,NA,NA,0.003278894472361809,18.846846846846848,0.010552763819095479,6.372124536297175
Hainan Province,2000,101.1,2208,5332,532,7248,57,401,NA,789,3.7,1.92,23436,NA,NA,NA,191.52,11.27,0,2019,0,1,-19,29.70342205323194,0.07224334600760456,NA,NA,NA,0.0024334600760456274,16.99378881987578,0,6.2766434893416445
Chongqing,2020,102.3,16361,40006,25158.1,6719,5443,561,6300,3209,29.6,91.56,123895,3725610,16167,69843,NA,NA,117.79,NA,0,0,NA,38.608600810221255,1.6961670302274852,1.9632284200685572,1160.987846681209,21.764724213150515,0.028532253038329698,NA,0.0367061389841072,10.132935191269684
Chongqing,2019,102.7,15133,37939,23689.6,6358,4830,548,5565,3188,17.5,83.49,111070,3358918,14001,62424,NA,NA,56.65,NA,0,0,NA,34.840025094102884,1.515056461731493,1.7456085319949812,1053.6129234629861,19.580928481806776,0.026188833124215806,NA,0.017769761606022585,10.07279141224878
Chongqing,2018,102,13781,34889,21866.8,6299,4321,492,6198,3163,13.1,76.28,110686,2992091,12484,61956,NA,NA,188.35,NA,0,0,NA,34.993993044577934,1.3661081251975973,1.9595320897881758,945.9661713563073,19.58773316471704,0.024116345241858995,NA,0.059547897565602276,9.992724783806457
Chongqing,2017,101,12638,32193,20260.8,5739,4223,511,5149,3144,14.3,74.69,94558,2799986,10624,56416,NA,NA,51.36,NA,0,0,NA,30.075699745547073,1.3431933842239185,1.6377226463104326,890.5807888040713,17.9440203562341,0.023756361323155215,NA,0.01633587786259542,9.916443263696344
Chongqing,2016,101.8,11549,29610,18271.1,5555,4242,511,5392,3110,15.7,73.25,88065,2374859,7612,47392,23497.42,2924.89,147.19,NA,0,0,NA,28.316720257234728,1.3639871382636657,1.7337620578778135,763.6202572347266,15.238585209003215,0.023553054662379422,8.033608101501253,0.04732797427652733,9.813075855550867
Chongqing,2015,101.3,10505,27239,16305.9,5009,4112,512,6758,3070,14.3,71.66,78845,1996609,6544,45129,20944.81,2666.32,57.24,NA,0,0,NA,25.68241042345277,1.339413680781759,2.201302931596091,650.3612377850163,14.7,0.02334201954397394,7.855324942242492,0.018644951140065147,9.699282284492165
Chongqing,2014,101.8,9490,25147,14911.7,5147,3855,497,3696,3043,13.4,69.16,67517,1664720,7879,43797,18438.72,2725.64,156.2,NA,0,0,NA,22.187643772592835,1.2668419323036477,1.2145908642786725,547.0653959907986,14.392704567860664,0.02272757147551758,6.764913928471846,0.05133092343082484,9.609901418697252
Chongqing,2013,102.7,8493,23058,13275.8,5397,3548,482,2509,3011,12.1,65.94,58841,1388199,5794,36605,15475.67,2276.75,90.28,NA,0,0,NA,19.542012620391898,1.1783460644304218,0.8332779807372965,461.0425107937562,12.157090667552309,0.0218997010959814,6.797263643351268,0.029983394221188973,9.493698107947843
Chongqing,2012,102.6,7526,21003,11797.8,4461,3221,473,2460,2975,12.4,62.36,53694,1171045,5113,31577,12812.47,1669.82,54.02,NA,0,0,NA,18.048403361344537,1.082689075630252,0.826890756302521,393.62857142857143,10.614117647058823,0.020961344537815126,7.672964750691691,0.018157983193277313,9.375668352393566
Chongqing,2011,105.3,6605,18517,10314.1,3985,3115,458,2089,2944,13,56.78,45194,943975,4524,27652,11534.52,922.48,68.15,NA,0,0,NA,15.351222826086957,1.0580842391304348,0.709578804347826,320.6436820652174,9.392663043478262,0.019286684782608695,12.503815800884572,0.023148777173913046,9.241267170123336
Chongqing,2010,103.2,5378,16032,8186.5,4827,5202,547,NA,2885,13,52.27,34885,NA,NA,NA,8970.37,425.09,79.44,NA,0,0,NA,12.091854419410746,1.8031195840554592,NA,NA,NA,0.01811785095320624,21.10228422216472,0.027535528596187173,9.010241735079546
Chongqing,2009,98.4,4557,14502,6744.1,4447,4767,518,1217,2859,13.4,48.42,27800,564856,3726,23279,6657.73,268.31,38.32,NA,0,0,NA,9.723679608254635,1.6673662119622246,0.4256733123469745,197.57117873382302,8.14235746764603,0.016935991605456453,24.813573851142333,0.013403287862889123,8.816423327567012
Chongqing,2008,105.6,4193,13321,5978.8,4333,4804,520,723,2839,13,45,23848,465280,3014,23174,5637.71,330.36,62.19,NA,0,0,NA,8.400140894681225,1.6921451215216625,0.25466713631560406,163.88869320183164,8.16273335681578,0.01585065163790067,17.065352948298823,0.021905600563578723,8.69597515791166
Chongqing,2007,104.7,3560,11758,4837.5,1519,2371,466,NA,2816,14.1,41.37,19774,NA,NA,NA,4235.63,280.61,39.57,NA,0,0,NA,7.022017045454546,0.8419744318181818,NA,NA,NA,0.014691051136363636,15.094365845835858,0.01405184659090909,8.484153337338038
Chongqing,2006,102.4,2911,10878,3949,1360,1827,470,NA,2808,15.4,37.61,9300,NA,NA,NA,3163.2,225.34,55.35,NA,0,0,NA,3.3119658119658117,0.6506410256410257,NA,NA,NA,0.013393874643874643,14.037454513180082,0.01971153846153846,8.28121766128665
Chongqing,2005,100.8,2842,9700,3491.6,1315,1570,471,NA,2798,16.9,33.36,8030,NA,NA,NA,2495.3,165.13,35.71,NA,0,0,NA,2.8699070764832024,0.5611150822015726,NA,NA,NA,0.011922802001429592,15.111124568521772,0.012762687634024304,8.158115362861194
Chongqing,2004,103.7,2536,8793,3103.2,1294,1176,529,184,2793,16.8,28.45,7245,154250,1315,11111,2139.88,136.59,59.62,NA,0,0,NA,2.593984962406015,0.42105263157894735,0.06587898317221626,55.22735409953455,3.9781596849266023,0.010186179735051915,15.66644703126144,0.021346222699606156,8.040189116125758
Chongqing,2003,100.6,2233,7773,2654.4,1129,914,570,NA,2803,16.2,24.05,6547,NA,NA,NA,1553.58,104.04,55.51,NA,0,0,NA,2.3357117374241883,0.3260792008562255,NA,NA,NA,0.008580092757759544,14.932525951557091,0.01980378166250446,7.88397391943618
Chongqing,2002,99.6,2112,7000,2310.3,1388,636,623,NA,2814,16.2,20.01,6893,NA,NA,NA,1204.66,73.67,40.94,NA,0,0,NA,2.4495380241648896,0.2260127931769723,NA,NA,NA,0.00711087420042644,16.352110764218814,0.01454868514570007,7.745132665213315
Chongqing,2001,101.7,1982,6544,2038.9,1502,570,726,NA,2829,13.7,16.16,7024,NA,NA,NA,1050.37,66.03,28.95,NA,0,0,NA,2.482856132909155,0.2014846235418876,NA,NA,NA,0.005712265818310357,15.907466303195516,0.010233297985153765,7.620165725722929
Chongqing,2000,96.7,1900,6152,1841.4,1708,298,931,NA,2849,10.2,12.63,6602,NA,NA,NA,953.58,53.84,29.66,NA,0,0,NA,2.3173043173043175,0.1045981045981046,NA,NA,NA,0.004433134433134434,17.711367013372957,0.010410670410670411,7.518281430853746
Sichuan Province,2020,103.2,15929,38253,49445.1,13545,10981,1239,13439,8371,54.4,180.09,296279,4276383,22242,90128,NA,NA,1244.59,2017,1,1,3,35.393501373790464,1.31179070600884,1.605423485843985,510.85688687134154,10.766694540676143,0.021513558714609964,NA,0.14867877195078244,10.808618242151232
Sichuan Province,2019,103.2,14670,36154,47168.6,12950,9270,1109,11250,8351,50.4,166.17,289060,3878572,17461,78289,NA,NA,1211.95,2017,1,1,2,34.613818704346784,1.110046700993893,1.347144054604239,464.44401868039756,9.374805412525445,0.01989821578254101,NA,0.14512633217578733,10.76148369595657
Sichuan Province,2018,101.7,13331,33216,43539,12502,8127,952,10705,8321,53.3,156.47,125557,3423923,11779,77848,NA,NA,996.7,2017,1,1,1,15.089171974522293,0.9766854945319072,1.2865040259584184,411.47975003004444,9.355606297320033,0.018804230260785964,NA,0.11978127628890758,10.681412367138472
Sichuan Province,2017,101.4,12227,30727,38517.1,11462,7890,970,10335,8289,55.8,149.97,112797,3010846,12359,71968,NA,NA,405.83,2017,1,1,0,13.608034744842563,0.9518639160332971,1.2468331523706118,363.23392447822414,8.682350102545541,0.018092652913499818,NA,0.04896006755941609,10.558857577512022
Sichuan Province,2016,101.9,11203,28335,33879.2,10370,7786,977,8523,8251,56.3,144.66,94193,2572607,8869,60146,42103.39,2234.36,299.3,2017,0,1,-1,11.415949581868864,0.9436431947642709,1.032965701127136,311.7933583808023,7.289540661737971,0.01753242031268937,18.843601747256482,0.036274390982911166,10.43055653573632
Sichuan Province,2015,101.5,10247,26205,30829.1,10594,7520,978,8085,8196,54.6,138.79,88409,2238051,6609,56841,39213.22,1411.95,282.32,2017,0,1,-2,10.786847242557345,0.9175207418252807,0.9864568081991215,273.06625183016104,6.935212298682284,0.01693387018057589,27.772385707709198,0.03444607125427038,10.336214328108973
Sichuan Province,2014,101.6,9348,24234,29357.5,10253,7368,929,7800,8139,54.4,132.83,82752,1960112,11027,62145,37400.29,1910.45,199.05,2017,0,1,-3,10.167342425359381,0.9052709178031699,0.9583486914854404,240.8295859442192,7.635458901584961,0.016320186755129626,19.576691355439817,0.0244563214154073,10.287303329239236
Sichuan Province,2013,102.8,8381,22228,26858.4,9147,7115,917,5666,8109,42.9,127.08,72490,1688902,10298,58148,34544.52,2996.29,148.58,2017,0,1,-4,8.939449993834012,0.8774201504501171,0.698729806387964,208.2750030829942,7.170797878899988,0.01567147613762486,11.529097650761441,0.018322851153039835,10.198333900171928
Sichuan Province,2012,102.5,7432,20180,24224.9,9107,6864,888,4316,8085,40.7,122.37,64045,1422310,9868,50533,30227.87,2025.6,111.24,2017,0,1,-5,7.921459492888064,0.8489795918367347,0.5338280766852196,175.91960420531848,6.25021645021645,0.01513543599257885,14.922921603475514,0.013758812615955473,10.09513630878347
Sichuan Province,2011,105.3,6505,17787,21313.1,10026,7123,851,2483,8064,36.9,113.93,57419,1044666,6712,36839,29779.58,1488.52,67.83,2017,0,1,-6,7.1204117063492065,0.8833085317460317,0.30791170634920634,129.546875,4.568328373015873,0.014128224206349207,20.006167199634536,0.008411458333333333,9.967077186122268
Sichuan Province,2010,103.2,5400,15364,17466.7,12050,8135,921,NA,8045,34.6,108.62,54383,NA,NA,NA,22634.86,862.2,54.74,2017,0,1,-7,6.759850839030454,1.0111870727159726,NA,NA,NA,0.013501553760099441,26.25244722802134,0.006804226227470479,9.76805149003615
Sichuan Province,2009,100.8,4714,13759,14396.2,11521,7774,972,1650,8185,36.3,103.59,46100,817664,6974,44370,17700.55,570.88,54.6,2017,0,1,-8,5.632254123396457,0.9497861942577887,0.20158827122785583,99.89786194257789,5.420891875381796,0.012656078191814295,31.00572799887892,0.006670739156994503,9.574719561850404
Sichuan Province,2008,105.1,4334,12567,12941.4,9398,7960,1006,1007,8138,37.9,99.11,42113,681656,5769,45137,14421.9,545.61,43.53,2017,0,1,-9,5.17485868763824,0.9781273040058982,0.12374047677562054,83.7621037109855,5.546448758908823,0.012178667977390022,26.43261670423929,0.005348980093389039,9.468186753856383
Sichuan Province,2007,105.9,3711,11045,10694.5,4247,5672,878,NA,8127,34.5,91.84,26868,NA,NA,NA,10821.18,434.5,30.39,2017,0,1,-10,3.3060169804355852,0.6979205118740003,NA,NA,NA,0.011300602928509906,24.904902186421175,0.003739387227759321,9.277484869605512
Sichuan Province,2006,102.3,3126,9310,8602.1,4491,4571,933,NA,8169,36.1,86.06,19900,NA,NA,NA,7777.57,368.85,25.93,2017,0,1,-11,2.4360386828253153,0.5595544130248501,NA,NA,NA,0.010534949198188273,21.085997017757894,0.003174195127922634,9.05976163847955
Sichuan Province,2005,101.7,2905,8354,7287.4,4075,3893,928,NA,8212,34.3,77.54,16600,NA,NA,NA,6098.97,283.28,19.08,2017,0,1,-12,2.0214320506575745,0.47406234778373113,NA,NA,NA,0.00944227959084267,21.52982914430952,0.002323429128105212,8.893902108437668
Sichuan Province,2004,104.9,2599,7684,6395.8,3789,3374,1057,477,8090,33.3,63.73,13982,277068,2254,22473,4722.8,262.78,16.56,2017,0,1,-13,1.7283065512978986,0.41705809641532754,0.05896168108776267,34.248207663782445,2.7778739184177996,0.007877626699629171,17.972448435954032,0.0020469715698393075,8.763396803921477
Sichuan Province,2003,101.7,2290,7022,5422.7,4162,2054,1065,NA,8176,33.1,51.27,13632,NA,NA,NA,3346.65,219.34,12.87,2017,0,1,-14,1.6673189823874754,0.25122309197651665,NA,NA,NA,0.006270792563600783,15.257818911279292,0.001574119373776908,8.59834912537724
Sichuan Province,2002,99.7,2155,6595,4790.5,3913,1529,1324,NA,8110,33.8,41.24,11998,NA,NA,NA,2706.91,186.06,7.75,2017,0,1,-15,1.4794081381011097,0.18853267570900123,NA,NA,NA,0.005085080147965475,14.548586477480383,9.556103575832306e-4,8.474390069090928
Sichuan Province,2001,102.1,2022,6348,4350.5,3678,1211,1485,NA,8143,31.9,31.67,10939,NA,NA,NA,2258.76,111.02,12.63,2017,0,1,-16,1.3433623971509272,0.14871668918089156,NA,NA,NA,0.003889230013508535,20.34552332912989,0.0015510254206066562,8.37804606000608
Sichuan Province,2000,100.1,1929,5886,3975.6,3539,868,1699,NA,8329,30.8,24.56,10107,NA,NA,NA,2039.89,91.66,10.42,2017,0,1,-17,1.2134710049225597,0.10421419137951735,NA,NA,NA,0.0029487333413374954,22.25496399738163,0.0012510505462840678,8.28793095909385
Guizhou Province,2020,102.6,11642,36096,18308.3,3184,3158,595,3475,3858,19.5,84.02,83573,1053574,5068,26261,NA,NA,249.11,NA,0,0,NA,21.662260238465525,0.8185588387765682,0.9007257646448937,273.0881285640228,6.806894764126491,0.02177812337998963,NA,0.06456972524624158,9.815109787918502
Guizhou Province,2019,102.4,10756,34404,17251.8,3056,3126,553,2985,3848,15.3,76.57,48722,910206,3850,23164,NA,NA,227.18,NA,0,0,NA,12.661642411642411,0.8123700623700624,0.7757276507276507,236.54002079002078,6.01975051975052,0.019898648648648647,NA,0.05903846153846154,9.755671764841736
Guizhou Province,2018,101.8,9716,31592,15886.6,1891,3580,485,2611,3822,15.1,68.75,45303,762280,2860,20041,NA,NA,171.1,NA,0,0,NA,11.853218210361067,0.9366823652537938,0.6831501831501832,199.44531658817374,5.243589743589744,0.017987964416535846,NA,0.04476713762428048,9.673231265584715
Guizhou Province,2017,100.9,8869,29080,14067.3,1671,3344,512,2542,3803,14.9,62.77,31251,648576,2758,18786,NA,NA,80.74,NA,0,0,NA,8.217459900078886,0.8793058112016828,0.668419668682619,170.54325532474363,4.939784380752038,0.016505390481199055,NA,0.021230607415198527,9.55160823403914
Guizhou Province,2016,101.4,8090,26743,12133.9,1511,3007,554,2021,3758,14.8,57.39,23719,556853,2145,15774,11550.45,181.99,20.44,NA,0,0,NA,6.3116019159127195,0.8001596593932943,0.5377860564129856,148.17802022352316,4.197445449707291,0.015271420968600319,63.46749821418759,0.005439063331559341,9.403758467162861
Guizhou Province,2015,101.8,7387,24580,10887.1,1662,2436,525,1953,3708,14.5,50.09,18147,457303,1619,14916,9821.08,140.15,25.96,NA,0,0,NA,4.894012944983818,0.656957928802589,0.5266990291262136,123.32874865156418,4.022653721682848,0.013508629989212515,70.07549054584373,0.007001078748651564,9.295333881105828
Guizhou Province,2014,102.4,6671,22548,9297.5,1515,1851,509,1918,3677,14.1,46.04,15472,410132,1682,15659,9052.59,122.94,20.04,NA,0,0,NA,4.207778079956486,0.5033995104704923,0.5216208865923307,111.53984226271417,4.25863475659505,0.012521076964917052,73.63421181063934,0.005450095186293174,9.137500825799226
Guizhou Province,2013,102.5,5898,20565,8079.9,1386,1639,497,1516,3632,13.7,41.9,11856,342541,1717,16049,7650.47,100,18.4,NA,0,0,NA,3.26431718061674,0.45126651982378857,0.41740088105726875,94.31194933920705,4.4187775330396475,0.011536343612334802,76.5047,0.005066079295154184,8.997134775200932
Guizhou Province,2012,102.7,5159,18608,6828.1,1688,1226,469,1347,3587,12.6,38.38,7670,315079,1649,12135,6170.82,109.74,9.67,NA,0,0,NA,2.1382771117925845,0.3417897964873153,0.3755227209367159,87.83914134374129,3.3830499024254252,0.010699749093950377,56.23127392017496,0.0026958461109562308,8.828801729384121
Guizhou Province,2011,105.1,4499,16413,5690.5,2029,1129,431,813,3530,12.5,34.41,5681,275217,1345,9564,5248.66,99.47,13.65,NA,0,0,NA,1.6093484419263455,0.3198300283286119,0.2303116147308782,77.96515580736543,2.7093484419263456,0.009747875354107647,52.766261184276665,0.00386685552407932,8.646553396721945
Guizhou Province,2010,102.9,3768,14073,4583.7,1936,1469,516,NA,3479,12.2,32.33,4132,NA,NA,NA,4014.54,90.06,7.72,NA,0,0,NA,1.1876976142569704,0.42224777234837596,NA,NA,NA,0.009292900258695027,44.576282478347764,0.0022190284564530035,8.430261811226778
Guizhou Province,2009,98.7,3240,12804,3910.7,1966,1308,523,653,3537,12.3,29.91,3600,187695,1278,7234,3248.35,73.42,1.78,NA,0,0,NA,1.0178117048346056,0.36980491942324,0.18461973423805486,53.06615776081425,2.045236075770427,0.008456318914334182,44.24339417052574,5.032513429459994e-4,8.27147166508878
Guizhou Province,2008,107.6,2996,11710,3551.3,2201,1267,530,465,3596,12.5,26.75,3215,145973,825,6134,2969.3,88.19,2.04,NA,0,0,NA,0.8940489432703004,0.35233592880978865,0.12931034482758622,40.59315906562848,1.7057842046718577,0.007438820912124583,33.669350266470126,5.672969966629589e-4,8.175069012618737
Guizhou Province,2007,106.4,2526,10638,2883,603,965,541,NA,3632,12.1,24.17,2797,NA,NA,NA,2436.79,71.43,0.66,NA,0,0,NA,0.7700991189427313,0.26569383259911894,NA,NA,NA,0.006654735682819384,34.114377712445744,1.8171806167400882e-4,7.9665866976384025
Guizhou Province,2006,101.7,2097,9086,2292.3,601,988,760,NA,3690,12.1,22.15,2600,NA,NA,NA,2004.32,61.29,0.54,NA,0,0,NA,0.7046070460704607,0.26775067750677506,NA,NA,NA,0.0060027100271002705,32.7022352749225,1.4634146341463417e-4,7.737310959321631
Guizhou Province,2005,101,1971,8127,1964.2,649,851,927,NA,3730,12.1,20.68,2340,NA,NA,NA,1634.46,62.29,1.05,NA,0,0,NA,0.6273458445040214,0.22815013404825737,NA,NA,NA,0.0055442359249329755,26.239524803339222,2.8150134048257375e-4,7.582840316723674
Guizhou Province,2004,104,1796,7303,1672.7,641,724,1101,128,3904,11.6,17.99,2234,64875,473,3927,1338.77,65.9,1.35,NA,0,0,NA,0.5722336065573771,0.18545081967213115,0.03278688524590164,16.617571721311474,1.005891393442623,0.0046080942622950816,20.315174506828527,3.457991803278689e-4,7.422194366317963
Guizhou Province,2003,101.2,1622,6555,1449,595,489,1037,NA,3870,11.2,14.94,2100,NA,NA,NA,949.11,44.29,1.79,NA,0,0,NA,0.5426356589147286,0.1263565891472868,NA,NA,NA,0.0038604651162790697,21.42944231203432,4.6253229974160207e-4,7.278628942320682
Guizhou Province,2002,99,1535,5933,1260.4,639,352,1191,NA,3837,11.1,12.27,1891,NA,NA,NA,763.65,31.46,1.35,NA,0,0,NA,0.49283294240291897,0.09173833724263748,NA,NA,NA,0.003197810789679437,24.273680864589956,3.5183737294761536e-4,7.13918440988312
Guizhou Province,2001,101.8,1446,5444,1147.1,714,275,1269,NA,3799,11.1,10.82,1599,NA,NA,NA,666.87,27.87,0.06,NA,0,0,NA,0.42090023690444855,0.07238747038694393,NA,NA,NA,0.0028481179257699397,23.92787944025834,1.579362990260595e-5,7.044992297287222
Guizhou Province,2000,99.5,1399,5117,1040.4,715,167,1397,NA,3756,10.2,7.98,1493,NA,NA,NA,610.21,27.41,0.06,NA,0,0,NA,0.39749733759318423,0.04446219382321619,NA,NA,NA,0.002124600638977636,22.262313024443635,1.597444089456869e-5,6.947360533574496
Yunnan Province,2020,103.6,12842,37500,25214.5,6062,2921,666,3131,4722,31.9,96.42,142431,1451454,6065,28894,NA,NA,49.95,NA,0,0,NA,30.163278271918678,0.618593816179585,0.6630664972469292,307.3811944091487,6.119017365523083,0.02041931385006353,NA,0.010578144853875477,10.135174504847631
Yunnan Province,2019,102.5,11902,36238,23902.1,5602,2349,643,2665,4714,22.9,86.4,67099,1297741,6286,29440,NA,NA,82.7,NA,0,0,NA,14.233983877810777,0.4983029274501485,0.5653372931692829,275.29507848960543,6.245226983453542,0.01832838353839627,NA,0.017543487484089945,10.081721600168388
Yunnan Province,2018,101.6,10768,33488,21427.5,4343,2159,601,2038,4703,20.9,76.47,54369,1070172,4216,24048,NA,NA,89.49,NA,0,0,NA,11.560493302147565,0.4590686795662343,0.4333404210078673,227.5509249415267,5.113331915798427,0.016259834148415905,NA,0.0190282798213906,9.972430422773037
Yunnan Province,2017,100.9,9862,30996,18864.6,4366,2044,661,1891,4693,19.8,70.59,37382,885588,4122,21393,NA,NA,84.76,NA,0,0,NA,7.965480502876625,0.4355422970381419,0.4029405497549542,188.70402727466438,4.5584913701257195,0.015041551246537397,NA,0.018060941828254847,9.845042428887108
Yunnan Province,2016,101.5,9020,28611,16773.6,4087,1962,660,1878,4677,20.1,65.66,33005,741847,3441,17166,10080.39,269.81,58.26,NA,0,0,NA,7.056874064571306,0.41949967928159076,0.40153944836433614,158.61599315800726,3.6703014753046825,0.01403891383365405,37.36106890033727,0.012456703014753046,9.72756150083103
Yunnan Province,2015,101.9,8242,26373,15358.6,3901,1789,623,1493,4663,19.5,61.46,32720,619588,3017,16381,9667.86,172.95,51.84,NA,0,0,NA,7.016941882907999,0.3836585888912717,0.32018014153978125,132.87325755951105,3.512974479948531,0.013180355993995281,55.89973980919341,0.011117306455071843,9.639430856714297
Yunnan Province,2014,102.4,7456,24299,14275.1,4046,1776,589,1281,4653,19.2,57.7,25253,516572,2102,12980,10022.04,153.6,47.92,NA,0,0,NA,5.427251235761874,0.38168923275306255,0.2753062540296583,111.01912744465936,2.789598108747045,0.01240060176230389,65.24765625,0.010298732000859661,9.566272039753615
Yunnan Province,2013,103.1,6724,22460,13027,4262,1666,571,1167,4641,18.1,54.86,24097,454278,1729,11811,9831.22,130.91,42,NA,0,0,NA,5.1921999569058395,0.358974358974359,0.25145442792501616,97.88364576599871,2.5449256625727212,0.011820728291316527,75.09907570086318,0.00904977375565611,9.474779405697564
Yunnan Province,2012,102.7,5930,20371,11266.3,3956,1455,540,1066,4631,17.4,51.22,22561,384430,1665,12321,8783.33,125.59,45.48,NA,0,0,NA,4.871733966745843,0.31418700064780825,0.23018786439213992,83.01230835672641,2.6605484776506154,0.011060246167134528,69.93653953340234,0.00982077305117685,9.329571247894723
Yunnan Province,2011,104.9,5170,17956,9666.2,3919,1285,509,711,4620,16,48.76,20641,299279,1514,10335,7527.74,114.19,11.71,NA,0,0,NA,4.467748917748918,0.27813852813852813,0.1538961038961039,64.77900432900432,2.237012987012987,0.010554112554112554,65.92293545844645,0.002534632034632035,9.176390543273115
Yunnan Province,2010,103.7,4327,15528,7869.9,3833,2000,555,NA,4602,15.7,43.9,17949,NA,NA,NA,6247.87,115.14,10.88,NA,0,0,NA,3.9002607561929596,0.43459365493263796,NA,NA,NA,0.009539330725771403,54.26324474552718,0.002364189482833551,8.970800634850416
Yunnan Province,2009,100.4,3661,13980,6690.2,3880,1892,551,421,4571,15.4,39.36,15900,151147,991,6790,4982.23,99.14,10.25,NA,0,0,NA,3.4784511047910742,0.4139138044191643,0.09210238459855612,33.066506234959526,1.4854517611026035,0.008610807263180923,50.254488601976995,0.0022423977247866987,8.808399048041634
Yunnan Province,2008,105.7,3348,12876,6120.6,4084,1740,539,293,4543,14.8,34.77,14106,131583,1072,8203,4896.85,116.03,5.05,NA,0,0,NA,3.1049966982170374,0.3830068236847898,0.06449482720669161,28.963900506273387,1.8056350429231784,0.007653532907770197,42.20330948892528,0.001111600264142637,8.719415409916529
Yunnan Province,2007,105.9,2821,11202,5166,2055,1277,517,NA,4514,14,31.11,11833,NA,NA,NA,4225.66,159.26,9.75,NA,0,0,NA,2.6214000886132034,0.2828976517501108,NA,NA,NA,0.006891891891891892,26.533090543764914,0.0021599468320779797,8.549853973655786
Yunnan Province,2006,101.9,2392,9840,4157.7,1967,1115,639,NA,4483,13.8,28.42,10700,NA,NA,NA,3338.22,115.76,8.27,NA,0,0,NA,2.3867945572161497,0.2487173767566362,NA,NA,NA,0.006339504795895606,28.83742225293711,0.0018447468213250054,8.332717315742867
Yunnan Province,2005,101.4,2155,9078,3553.3,1817,925,652,NA,4450,13,25.47,8420,NA,NA,NA,2577.47,89.63,15.92,NA,0,0,NA,1.892134831460674,0.20786516853932585,NA,NA,NA,0.005723595505617977,28.756777864554277,0.0035775280898876403,8.175632028144685
Yunnan Province,2004,106,1954,8713,3185.3,1761,784,781,158,4415,11.9,21.63,7892,43881,571,3978,2059.68,94.22,21.56,NA,0,0,NA,1.787542468856172,0.17757644394110986,0.035787089467723666,9.93907134767837,0.9010192525481314,0.00489920724801812,21.860326894502226,0.004883352208380521,8.066301755093283
Yunnan Province,2003,101.2,1766,7528,2673.6,1666,446,943,NA,4376,12.1,17.53,7309,NA,NA,NA,1547.14,60.21,22.87,NA,0,0,NA,1.6702468007312614,0.10191956124314443,NA,NA,NA,0.0040059414990859235,25.69573160604551,0.005226234003656308,7.891181157841129
Yunnan Province,2002,99.8,1663,7149,2392,1619,249,1214,NA,4333,9.8,14.34,6055,NA,NA,NA,1307.43,50.58,17.95,NA,0,0,NA,1.3974151857835218,0.05746595891991692,NA,NA,NA,0.0033094853450265404,25.84875444839858,0.0041426263558735285,7.779885115070522
Yunnan Province,2001,99.1,1575,6729,2186.4,1632,167,1277,NA,4287,8,11.9,5377,NA,NA,NA,1141.31,50.04,25.53,NA,0,0,NA,1.2542570562164683,0.03895498017261488,NA,NA,NA,0.0027758339164917194,22.80795363709033,0.0059552134359692095,7.6900116346138585
Yunnan Province,2000,97.9,1508,6277,2052.3,1634,105,1388,NA,4241,6.8,9.59,4819,NA,NA,NA,1050.45,41.83,18.77,NA,0,0,NA,1.1362886111766093,0.024758311718934212,NA,NA,NA,0.0022612591369959916,25.1123595505618,0.004425842961565668,7.626716394435062
Tibet Autonomous Region,2020,102.2,14598,41156,1956.5,282,55,56,29,366,2.1,3.86,2859,8944,51,190,NA,NA,0.78,NA,0,0,NA,7.811475409836065,0.15027322404371585,0.07923497267759563,24.437158469945356,0.5191256830601093,0.010546448087431694,NA,0.0021311475409836068,7.578912441650467
Tibet Autonomous Region,2019,102.3,12951,37410,1750.3,278,41,44,32,361,2.1,3.62,2665,5574,46,264,NA,NA,0.96,NA,0,0,NA,7.382271468144045,0.11357340720221606,0.0886426592797784,15.4404432132964,0.7313019390581718,0.010027700831024932,NA,0.0026592797783933516,7.46754248079679
Tibet Autonomous Region,2018,101.7,11450,33797,1583.5,266,38,34,15,354,2.1,3.57,2639,8625,35,326,NA,NA,0.04,NA,0,0,NA,7.454802259887006,0.10734463276836158,0.0423728813559322,24.364406779661017,0.9209039548022598,0.010084745762711863,NA,1.1299435028248587e-4,7.367392865978695
Tibet Autonomous Region,2017,101.6,10330,30671,1381,252,37,32,12,349,1.9,3.56,3031,3186,32,202,NA,NA,0.04,NA,0,0,NA,8.684813753581661,0.10601719197707736,0.034383954154727794,9.12893982808023,0.5787965616045845,0.01020057306590258,NA,1.1461318051575932e-4,7.2305631534092925
Tibet Autonomous Region,2016,102.5,9094,27802,1197.4,236,32,26,15,340,1.8,3.5,2259,4003,29,208,163.73,0.03,NA,NA,0,0,NA,6.644117647058824,0.09411764705882353,0.04411764705882353,11.773529411764706,0.611764705882353,0.010294117647058823,5457.666666666667,NA,7.087907818491252
Tibet Autonomous Region,2015,102,8244,25457,1063.6,221,29,27,14,330,1.8,3.42,1997,2602,21,43,126.12,0.03,NA,NA,0,0,NA,6.051515151515152,0.08787878787878788,0.04242424242424243,7.884848484848485,0.1303030303030303,0.010363636363636363,4204,NA,6.969414659368865
Tibet Autonomous Region,2014,102.9,7359,22016,954.8,255,25,25,6,325,1.7,3.35,1328,2943,30,130,109.27,0.41,NA,NA,0,0,NA,4.086153846153846,0.07692307692307693,0.018461538461538463,9.055384615384616,0.4,0.010307692307692308,266.5121951219512,NA,6.861501894464675
Tibet Autonomous Region,2013,103.6,6553,20394,840.3,240,19,25,8,317,1.6,3.36,1311,4617,20,81,97.09,0.15,NA,NA,0,0,NA,4.135646687697161,0.05993690851735016,0.025236593059936908,14.564668769716087,0.2555205047318612,0.010599369085173501,647.2666666666668,NA,6.733758970934172
Tibet Autonomous Region,2012,103.5,5698,18362,721.1,208,13,26,17,315,1.6,3.35,1131,5312,24,78,88.96,0.03,NA,NA,0,0,NA,3.5904761904761906,0.04126984126984127,0.05396825396825397,16.863492063492064,0.24761904761904763,0.010634920634920636,2965.333333333333,NA,6.5807778239227135
Tibet Autonomous Region,2011,105,4886,16496,620.8,298,8,25,19,309,1,3.24,726,1637,16,22,74.48,0.02,NA,NA,0,0,NA,2.349514563106796,0.025889967637540454,0.061488673139158574,5.297734627831715,0.07119741100323625,0.010485436893203885,3724,NA,6.431008968869009
Tibet Autonomous Region,2010,102.2,4123,15258,521.4,264,26,37,NA,300,2.1,3.11,534,NA,NA,NA,60.06,0.03,NA,NA,0,0,NA,1.78,0.08666666666666667,NA,NA,NA,0.010366666666666666,2002.0000000000002,NA,6.256517501499402
Tibet Autonomous Region,2009,101.4,3519,13775,453,243,22,33,12,296,2,3.03,600,6376,19,378,50.16,0.08,NA,NA,0,0,NA,2.027027027027027,0.07432432432432433,0.04054054054054054,21.54054054054054,1.277027027027027,0.010236486486486486,627,NA,6.115892125483034
Tibet Autonomous Region,2008,105.7,3166,12677,405.2,132,22,36,11,292,NA,2.94,550,4536,14,39,44.26,0.04,NA,NA,0,0,NA,1.8835616438356164,0.07534246575342465,0.03767123287671233,15.534246575342467,0.13356164383561644,0.010068493150684931,1106.5,NA,6.004380772374528
Tibet Autonomous Region,2007,103.4,2780,11289,349.8,129,15,53,NA,289,NA,2.68,509,NA,NA,NA,38.72,0.01,NA,NA,0,0,NA,1.7612456747404843,0.05190311418685121,NA,NA,NA,0.009273356401384084,3872,NA,5.857361562584502
Tibet Autonomous Region,2006,102,2429,9053,290.6,115,14,161,NA,285,NA,2.33,400,NA,NA,NA,30.56,0.02,NA,NA,0,0,NA,1.4035087719298245,0.04912280701754386,NA,NA,NA,0.008175438596491228,1528,NA,5.671947751136183
Tibet Autonomous Region,2005,101.5,2073,9538,247,100,11,170,NA,280,NA,1.9,350,NA,NA,NA,25.6,0.08,NA,NA,0,0,NA,1.25,0.039285714285714285,NA,NA,NA,0.0067857142857142855,320,NA,5.5093883366279774
Tibet Autonomous Region,2004,102.7,1858,9196,220.9,86,5,163,NA,276,1.2,1.47,331,10,NA,4,21.07,0.1,NA,NA,0,0,NA,1.1992753623188406,0.018115942028985508,NA,0.036231884057971016,0.014492753623188406,0.005326086956521739,210.7,NA,5.397710110426072
Tibet Autonomous Region,2003,100.9,1688,8841,188.2,107,38,199,NA,272,NA,1.04,359,NA,NA,NA,20.11,0.05,NA,NA,0,0,NA,1.3198529411764706,0.13970588235294118,NA,NA,NA,0.003823529411764706,402.2,NA,5.23750522715128
Tibet Autonomous Region,2002,100.4,1460,8137,164,94,45,197,NA,268,1.3,0.84,349,NA,NA,NA,17.72,0.05,NA,NA,0,0,NA,1.3022388059701493,0.16791044776119404,NA,NA,NA,0.003134328358208955,354.4,NA,5.099866427824199
Tibet Autonomous Region,2001,100.1,1402,7915,140.7,85,45,229,NA,264,NA,0.68,343,NA,NA,NA,15.97,0.07,NA,NA,0,0,NA,1.2992424242424243,0.17045454545454544,NA,NA,NA,0.002575757575757576,228.14285714285714,NA,4.946629964120343
Tibet Autonomous Region,2000,99.9,1330,7459,118.9,78,38,232,NA,258,1,0.55,335,NA,NA,NA,15.14,0.12,NA,NA,0,0,NA,1.2984496124031009,0.14728682170542637,NA,NA,NA,0.002131782945736434,126.16666666666667,NA,4.778282803696737
Shaanxi Province,2020,102.5,13316,37868,26297,6287,4633,943,6445,3955,24.5,121,183272,2684020,8181,48809,NA,NA,1758.72,2018,1,1,2,46.33931731984829,1.1714285714285715,1.629582806573957,678.6396965865993,12.341087231352718,0.03059418457648546,NA,0.4446826801517067,10.177210143218492
Shaanxi Province,2019,102.9,12326,36098,26214.5,6170,3333,886,5593,3944,23.8,112.2,121290,2408037,6098,42983,NA,NA,1467.35,2018,1,1,1,30.753042596348884,0.8450811359026369,1.418103448275862,610.5570486815416,10.898326572008113,0.028448275862068967,NA,0.3720461460446247,10.17406797177496
Shaanxi Province,2018,102.1,11213,33319,24354.8,5856,2665,746,4436,3931,24.1,105.48,118786,2165554,4470,39315,NA,NA,1125.29,2018,1,1,0,30.21775629610786,0.6779445433731874,1.1284660391757821,550.8913762401424,10.001271940981939,0.026832866954973292,NA,0.28626049351310096,10.10048423434078
Shaanxi Province,2017,101.6,10265,30810,21776.1,5629,2486,806,3939,3904,23.4,106.94,80039,1963697,5125,44672,NA,NA,920.94,2018,0,1,-1,20.501793032786885,0.6367827868852459,1.0089651639344261,502.99615778688525,11.442622950819672,0.027392418032786886,NA,0.23589651639344264,9.988568317092312
Shaanxi Province,2016,101.3,9396,28440,19354.6,5953,2150,790,3360,3874,22.7,107.63,56081,1844216,4487,45362,21788.47,757.01,802.79,2018,0,1,-2,14.47625193598348,0.554981930820857,0.8673205988642231,476.049561177078,11.709344346928239,0.027782653588022715,28.78227500297222,0.2072250903458957,9.870685396303747
Shaanxi Province,2015,101,8689,26420,18188.3,6017,1865,759,3036,3846,22.3,109.97,51571,1725829,4054,45052,20248.22,580.13,721.82,2018,0,1,-3,13.408996359854394,0.48491939677587104,0.7893915756630265,448.73348933957357,11.713988559542381,0.02859334373374935,34.90290107389723,0.18768070722828914,9.808533809200776
Shaanxi Province,2014,101.6,7932,24366,17635.6,6782,1715,742,3171,3827,22.3,109.96,44734,1606946,6668,50753,19946.75,479.53,640.02,2018,0,1,-4,11.689051476352233,0.44813169584530965,0.8285863600731643,419.89704729553176,13.261823882937026,0.02873268879017507,41.596459032802954,0.1672380454664228,9.777674865340595
Shaanxi Province,2013,103,7092,22346,16106.3,6443,1448,719,3161,3804,21.1,107.76,36629,1401480,6099,45809,18151.04,341.72,533.28,2018,0,1,-5,9.629074658254469,0.38065194532071506,0.8309674027339643,368.4227129337539,12.042323869610936,0.02832807570977918,53.11670373405127,0.1401892744479495,9.6869657787808
Shaanxi Province,2012,102.8,6285,20269,14311.5,5983,1291,681,2170,3787,19.5,102.63,31130,1192770,5164,36728,16307.31,342.4,334.82,2018,0,1,-6,8.220227092685503,0.3409030895167679,0.5730129390018485,314.9643517296013,9.698442038552944,0.02710060734090309,47.62648948598131,0.08841299181410087,9.568818688860011
Shaanxi Province,2011,105.7,5484,17836,12320.1,5765,1177,632,1679,3765,20.9,96.48,19888,966768,4210,30829,13786.45,302.05,215.37,2018,0,1,-7,5.2823373173970785,0.3126162018592297,0.4459495351925631,256.7776892430279,8.188313413014608,0.02562549800796813,45.64293991061083,0.05720318725099602,9.418987353937686
Shaanxi Province,2010,104,4477,15343,9973,5378,1778,706,NA,3735,21.4,92.78,18044,NA,NA,NA,10853.25,244.01,102.41,2018,0,1,-8,4.8310575635876845,0.47603748326639894,NA,NA,NA,0.024840696117804553,44.47870988893898,0.027419009370816597,9.207636720401869
Shaanxi Province,2009,100.5,3722,13836,8094.9,5097,1671,695,907,3727,21.5,89.37,16200,582497,3921,25897,8125.14,227.3,69.81,2018,0,1,-9,4.346659511671586,0.448349879259458,0.24335927019050174,156.29111886235577,6.948484035417225,0.02397907163938825,35.7463264408271,0.01873088274751811,8.998989512730924
Shaanxi Province,2008,106.4,3373,12613,7256.8,4312,1387,685,593,3718,20.8,83.97,13692,436433,3248,26600,7254.63,280.9,43.83,2018,0,1,-10,3.6826250672404517,0.3730500268961807,0.1594943518020441,117.38380849919311,7.154384077461001,0.022584722969338354,25.826379494482026,0.011788596019365249,8.889694239300734
Shaanxi Province,2007,105.2,2824,10578,5739.7,3175,1011,644,NA,3708,21,77.65,16474,NA,NA,NA,5549.48,243.73,30.17,2018,0,1,-11,4.442826321467098,0.2726537216828479,NA,NA,NA,0.020941208198489752,22.768965658720713,0.00813646170442287,8.655162223139397
Shaanxi Province,2006,101.5,2396,9125,4642.1,2863,911,860,NA,3699,21.5,72.62,14900,NA,NA,NA,4360.57,191.61,17.95,2018,0,1,-12,4.0281157069478235,0.24628277912949445,NA,NA,NA,0.019632333062989997,22.75752831271854,0.0048526628818599616,8.442922129040952
Shaanxi Province,2005,101.2,2162,8159,3857.4,2890,693,945,NA,3690,21.5,66.69,13700,NA,NA,NA,3320.83,156.11,18.9,2018,0,1,-13,3.7127371273712737,0.1878048780487805,NA,NA,NA,0.018073170731707316,21.272372045352633,0.0051219512195121945,8.257748660375697
Shaanxi Province,2004,103.1,1953,7403,3178.4,2754,586,1248,165,3681,18.5,58.39,12463,257862,1187,15714,2664.98,104.04,13.91,2018,0,1,-14,3.3857647378429774,0.15919587068731322,0.04482477587612062,70.0521597392013,4.2689486552567235,0.015862537353979897,25.614955786236063,0.0037788644390111385,8.06413320450039
Shaanxi Province,2003,101.7,1741,6737,2618.8,3179,372,1235,NA,3672,13.9,49.9,11600,NA,NA,NA,1833.98,75.71,16.8,2018,0,1,-15,3.159041394335512,0.10130718954248366,NA,NA,NA,0.013589324618736383,24.223748514066838,0.004575163398692811,7.870471476566936
Shaanxi Province,2002,98.9,1648,6277,2281.1,2993,272,1350,NA,3662,13.5,41.16,10625,NA,NA,NA,1470.69,65.4,15.16,2018,0,1,-16,2.901419989077007,0.07427635172037138,NA,NA,NA,0.011239759694156198,22.48761467889908,0.004139814309120699,7.7324130617442925
Shaanxi Province,2001,101,1529,5447,2034.1,2971,225,1439,NA,3653,14,31.37,9596,NA,NA,NA,1300.36,51.67,8.46,2018,0,1,-17,2.6268820147823706,0.06159321105940323,NA,NA,NA,0.008587462359704354,25.16663441068318,0.0023159047358335618,7.617808739608441
Shaanxi Province,2000,99.5,1472,5098,1823.3,2761,158,1633,NA,3644,11.4,24.47,8322,NA,NA,NA,1145.55,59.04,9.26,2018,0,1,-18,2.283754116355653,0.0433589462129528,NA,NA,NA,0.0067151481888035125,19.402947154471544,0.002541163556531284,7.508403325045159
Gansu Province,2020,102,10344,33822,9323.1,2532,845,539,1229,2501,12.2,58.11,25931,521334,1608,8614,NA,NA,233.16,2019,1,1,1,10.368252698920433,0.33786485405837663,0.49140343862455016,208.45021991203518,3.4442223110755696,0.02323470611755298,NA,0.09322670931627348,9.140250470400275
Gansu Province,2019,102.3,9629,32323,9053.3,2554,663,490,1292,2509,10.8,52.49,25617,505544,1705,8547,NA,NA,196.42,2019,1,1,0,10.210043842168195,0.26424870466321243,0.5149461937026704,201.49222797927462,3.4065364687126345,0.020920685532084496,NA,0.07828616978876046,9.110884611112619
Gansu Province,2018,102,8804,29957,8364.7,2342,699,416,1207,2515,10,48.36,23617,476151,1305,8026,NA,NA,180.88,2019,0,1,-1,9.390457256461232,0.27793240556660037,0.47992047713717695,189.3244532803181,3.1912524850894632,0.0192286282306163,NA,0.07192047713717693,9.031775749059934
Gansu Province,2017,101.4,8076,27763,7642.6,2061,687,423,1052,2522,9.6,46.62,20197,466912,1650,10096,NA,NA,162.96,2019,0,1,-2,8.00832672482157,0.27240285487708166,0.41712926249008725,185.13560666137985,4.003172085646312,0.018485329103885804,NA,0.06461538461538462,8.94149313840297
Gansu Province,2016,101.3,7457,25693,7207.1,2079,759,419,814,2520,9.8,45.72,7529,509228,1465,12610,6527.42,111.95,150.66,2019,0,1,-3,2.9876984126984127,0.3011904761904762,0.32301587301587303,202.07460317460317,5.003968253968254,0.01814285714285714,58.30656543099598,0.05978571428571428,8.882821930227097
Gansu Province,2015,101.6,6936,23767,6793.4,2130,757,417,698,2523,9.5,45.05,7657,486077,1572,12578,6942.06,97.99,129.7,2019,0,1,-4,3.034879112168054,0.30003963535473643,0.27665477606024574,192.658343242172,4.985334918747522,0.017855727308759412,70.84457597714054,0.05140705509314308,8.823706831603143
Gansu Province,2014,102.1,6277,21804,6629.4,2282,711,414,778,2531,9.7,45.23,6764,464410,1894,14380,7886.1,84.84,114.52,2019,0,1,-5,2.6724614776768076,0.2809166337416041,0.3073883840379297,183.4887396286053,5.68154879494271,0.01787040695377321,92.95261669024045,0.04524693796918214,8.799269581347184
Gansu Province,2013,103.2,5589,19873,6108.3,2229,677,390,638,2537,9.3,44.3,6510,400743,1731,12472,7460.39,67.68,99.99,2019,0,1,-6,2.5660228616476153,0.2668506109578242,0.2514781237682302,157.95940086716595,4.916042569964525,0.017461568782026014,110.23034869976358,0.03941269215608987,8.717403781045933
Gansu Province,2012,102.7,4931,17979,5469.1,2262,531,368,544,2550,9.8,43.11,6979,337785,1912,11445,6555.95,64.14,73.06,2019,0,1,-7,2.736862745098039,0.20823529411764705,0.21333333333333335,132.46470588235294,4.488235294117647,0.016905882352941177,102.21312753352042,0.028650980392156862,8.606869348058012
Gansu Province,2011,105.9,4278,15707,4880.7,2177,405,350,320,2552,10.8,40.53,6394,257916,1280,9307,5896.07,66.82,52.64,2019,0,1,-8,2.5054858934169277,0.15869905956112854,0.12539184952978055,101.06426332288402,3.6469435736677114,0.01588166144200627,88.23810236456151,0.0206269592476489,8.493043931183234
Gansu Province,2010,104.1,3747,13820,3987.7,2116,776,459,NA,2560,10.7,38.15,6289,NA,NA,NA,4691.45,47.54,43.08,2019,0,1,-9,2.456640625,0.303125,NA,NA,NA,0.01490234375,98.68426588136306,0.016828125,8.290969902575105
Gansu Province,2009,101.3,3237,12457,3313.8,2045,768,452,255,2555,10.3,36.15,4900,189931,926,10239,3647.72,30.74,35.63,2019,0,1,-10,1.917808219178082,0.300587084148728,0.09980430528375733,74.33698630136986,4.007436399217221,0.014148727984344422,118.66363044892648,0.013945205479452057,8.105850846135198
Gansu Province,2008,108.2,2938,11413,3112.5,2142,730,426,259,2551,9.4,33.19,3827,172353,894,10035,3576.13,79.86,29.76,2019,0,1,-11,1.5001960015680125,0.2861622892983144,0.10152881223049784,67.56291650333203,3.93375147001176,0.013010584084672677,44.779989982469324,0.011666013328106626,8.043181540772963
Gansu Province,2007,105.2,2493,10380,2707.3,398,678,432,NA,2548,9.5,29.6,3064,NA,NA,NA,3142.95,96.64,26.21,2019,0,1,-12,1.2025117739403455,0.26609105180533754,NA,NA,NA,0.011616954474097331,32.52224751655629,0.010286499215070645,7.903707107263973
Gansu Province,2006,101.3,2269,9215,2230,431,535,446,NA,2547,9.7,26.37,2800,NA,NA,NA,2428.47,90.33,21.45,2019,0,1,-13,1.099332548095799,0.21005104043973302,NA,NA,NA,0.010353356890459364,26.884423779475256,0.008421672555948174,7.709756864454165
Gansu Province,2005,101.7,2091,8323,1890.9,658,567,456,NA,2545,9.3,22.95,3160,NA,NA,NA,1950.15,47.88,17.27,2019,0,1,-14,1.2416502946954813,0.22278978388998036,NA,NA,NA,0.009017681728880157,40.72994987468672,0.006785854616895874,7.544808185187174
Gansu Province,2004,102.3,1942,7566,1675.7,650,432,820,81,2541,9.5,20.03,3059,46215,532,4888,1553.74,61.75,11.96,2019,0,1,-15,1.2038567493112948,0.17001180637544275,0.031877213695395513,18.187721369539553,1.9236521054702873,0.007882723337268792,25.161781376518217,0.00470680834317198,7.423986267406678
Gansu Province,2003,101.1,1742,6803,1417.3,607,497,706,NA,2537,9.3,17.34,2164,NA,NA,NA,1123.16,48,7.76,2019,0,1,-16,0.8529759558533702,0.19590067008277492,NA,NA,NA,0.006834844304296413,23.39916666666667,0.003058730784391013,7.25650893217286
Gansu Province,2002,100,1645,6264,1246.2,694,418,748,NA,2531,8.7,14.3,2166,NA,NA,NA,1007.1,26.63,5.46,2019,0,1,-17,0.8557882259976294,0.1651521137890162,NA,NA,NA,0.005649940734887397,37.81825009387909,0.0021572500987751876,7.1278542001101215
Gansu Province,2001,104,1550,5461,1135.1,882,398,748,NA,2523,7.4,11.09,2464,NA,NA,NA,922.62,19.99,2.74,2019,0,1,-18,0.9766151407055094,0.15774871185097106,NA,NA,NA,0.00439556084026952,46.15407703851926,0.0010860087197780421,7.034476031761294
Gansu Province,2000,99.5,1458,4970,1061.4,826,223,960,NA,2515,7.4,8.26,2565,NA,NA,NA,799.83,27.63,2.64,2019,0,1,-19,1.0198807157057654,0.08866799204771372,NA,NA,NA,0.0032842942345924454,28.947882736156355,0.0010497017892644135,6.9673440703937946
Qinghai Province,2020,102.6,12342,35506,3080.6,663,230,174,494,593,3.1,7.41,7819,103699,285,1557,NA,NA,10.56,NA,0,0,NA,13.18549747048904,0.38785834738617203,0.8330522765598651,174.87183811129847,2.6256323777403034,0.012495784148397977,NA,0.017807757166947723,8.032879662190357
Qinghai Province,2019,102.5,11499,33830,3020.2,548,233,164,438,590,3.1,7.32,7834,93712,451,2379,NA,NA,9.1,NA,0,0,NA,13.277966101694915,0.3949152542372881,0.7423728813559322,158.83389830508474,4.032203389830508,0.01240677966101695,NA,0.015423728813559322,8.013078333341689
Qinghai Province,2018,102.5,10393,31515,2799.9,519,270,138,321,587,4.6,7.03,7874,67716,220,1157,NA,NA,79.36,NA,0,0,NA,13.41396933560477,0.4599659284497445,0.5468483816013628,115.3594548551959,1.971039182282794,0.011976149914821125,NA,0.13519591141396933,7.937338981239811
Qinghai Province,2017,101.5,9462,29169,2517,470,258,138,271,586,4.7,6.7,7699,83276,310,1799,NA,NA,67.72,NA,0,0,NA,13.138225255972696,0.4402730375426621,0.46245733788395904,142.10921501706486,3.069965870307167,0.01143344709897611,NA,0.11556313993174061,7.830822995135316
Qinghai Province,2016,101.8,8664,26757,2310.7,440,267,138,285,582,4.6,6.19,7527,77940,296,1750,2663.51,2.91,56.92,NA,0,0,NA,12.93298969072165,0.4587628865979381,0.4896907216494845,133.91752577319588,3.006872852233677,0.010635738831615121,915.2955326460482,0.09780068728522337,7.745305787914461
Qinghai Province,2015,102.6,7933,24542,2054.3,404,265,130,144,577,4.4,5.75,7396,65029,150,1285,2358.69,15.51,46.88,NA,0,0,NA,12.818024263431543,0.4592720970537262,0.24956672443674177,112.70190641247834,2.2270363951473136,0.00996533795493934,152.07543520309477,0.08124783362218371,7.627690436298465
Qinghai Province,2014,102.8,7283,22307,1875.1,363,266,126,111,576,4.2,5.29,3095,92528,156,2068,2475.45,3.68,29.1,NA,0,0,NA,5.373263888888889,0.4618055555555556,0.19270833333333334,160.63888888888889,3.5902777777777777,0.009184027777777777,672.6766304347825,0.050520833333333334,7.536417270315673
Qinghai Province,2013,103.9,6462,20352,1736.1,370,242,118,132,571,4.2,5.07,2981,89540,145,2039,2308.34,8.06,26.89,NA,0,0,NA,5.220665499124343,0.4238178633975482,0.23117338003502627,156.81260945709283,3.5709281961471104,0.008879159369527146,286.394540942928,0.04709281961471103,7.459396497247902
Qinghai Province,2012,103.1,5594,18336,1547.9,347,195,89,72,571,4.1,4.87,2829,84197,147,2020,2045.69,6.84,19.3,NA,0,0,NA,4.954465849387041,0.3415061295971979,0.12609457092819615,147.4553415061296,3.5376532399299476,0.008528896672504378,299.07748538011697,0.033800350262697024,7.344654452579832
Qinghai Province,2011,106.1,4806,16287,1388.3,471,109,79,37,568,4.4,4.57,3144,81965,131,1833,1800.55,2.37,16.84,NA,0,0,NA,5.535211267605634,0.19190140845070422,0.06514084507042253,144.30457746478874,3.227112676056338,0.008045774647887324,759.7257383966244,0.02964788732394366,7.235835256040756
Qinghai Province,2010,105.4,4028,14462,1160.8,499,176,135,NA,563,4.2,4.5,2349,NA,NA,NA,1455.89,1.42,11.41,NA,0,0,NA,4.172291296625222,0.31261101243339257,NA,NA,NA,0.007992895204262877,1025.2746478873241,0.020266429840142097,7.056864701569978
Qinghai Province,2009,102.6,3477,13205,953.3,495,160,137,39,557,4.1,4.38,2800,41322,147,1551,1037.31,2.45,8.5,NA,0,0,NA,5.026929982046679,0.2872531418312388,0.07001795332136446,74.1867145421903,2.784560143626571,0.007863554757630162,423.3918367346938,0.01526032315978456,6.8599296494995325
Qinghai Province,2008,110.1,3171,12071,909.2,469,157,146,28,554,3.9,4.22,3311,25161,106,793,1049.3,4.39,7.7,NA,0,0,NA,5.9765342960288805,0.2833935018050541,0.05054151624548736,45.41696750902527,1.431407942238267,0.007617328519855595,239.02050113895217,0.013898916967509025,6.812565091978388
Qinghai Province,2007,106.7,2771,10620,729.4,151,161,138,NA,552,3.7,3.77,2426,NA,NA,NA,798.92,6.57,5.3,NA,0,0,NA,4.394927536231884,0.2916666666666667,NA,NA,NA,0.006829710144927536,121.60121765601217,0.009601449275362318,6.59222227837458
Qinghai Province,2006,101.6,2427,9270,592.7,123,135,148,NA,548,3.7,3.6,2000,NA,NA,NA,617.43,21.28,2.47,NA,0,0,NA,3.6496350364963503,0.24635036496350365,NA,NA,NA,0.006569343065693431,29.01456766917293,0.004507299270072993,6.3846883687937925
Qinghai Province,2005,100.8,2206,8271,506,138,123,137,NA,543,3.6,3.28,700,NA,NA,NA,474.08,14.04,1.18,NA,0,0,NA,1.289134438305709,0.2265193370165746,NA,NA,NA,0.006040515653775322,33.76638176638177,0.002173112338858195,6.226536669287466
Qinghai Province,2004,103.2,2001,7489,450,161,142,186,41,539,3.5,2.95,959,20137,128,1306,370.43,26.08,1.28,NA,0,0,NA,1.7792207792207793,0.2634508348794063,0.07606679035250463,37.359925788497215,2.4230055658627085,0.005473098330241188,14.203604294478529,0.0023747680890538036,6.1092475827643655
Qinghai Province,2003,102,1828,6879,390.4,147,68,206,NA,534,3.1,2.61,786,NA,NA,NA,240.83,6.05,0.83,NA,0,0,NA,1.4719101123595506,0.12734082397003746,NA,NA,NA,0.004887640449438202,39.80661157024794,0.0015543071161048688,5.967171854538937
Qinghai Province,2002,102.3,1695,6272,345.1,140,69,238,NA,529,2.9,2.22,700,NA,NA,NA,206.66,3.61,1.24,NA,0,0,NA,1.3232514177693762,0.13043478260869565,NA,NA,NA,0.0041965973534971645,57.24653739612189,0.0023440453686200376,5.843834230103957
Qinghai Province,2001,102.6,1577,5931,303.6,135,35,288,NA,523,2.4,1.79,648,NA,NA,NA,181.19,4.02,0.47,NA,0,0,NA,1.2390057361376674,0.06692160611854685,NA,NA,NA,0.003422562141491396,45.072139303482594,8.98661567877629e-4,5.715711045521475
Qinghai Province,2000,99.5,1504,5221,266.6,113,13,362,NA,517,1.8,1.35,577,NA,NA,NA,190.62,4.23,0,NA,0,0,NA,1.11605415860735,0.025145067698259187,NA,NA,NA,0.002611218568665377,45.06382978723404,0,5.585749407744609
Ningxia Hui Autonomous Region,2020,101.5,13889,35720,4036.2,899,891,201,1408,721,5.6,14.67,26993,453491,1881,8333,NA,NA,16.81,NA,0,0,NA,37.438280166435504,1.2357836338418862,1.9528432732316228,628.9750346740637,11.557558945908461,0.020346740638002774,NA,0.023314840499306516,8.303058934259615
Ningxia Hui Autonomous Region,2019,102.1,12858,34328,3841.5,898,810,175,1087,717,5.1,13.52,26463,415733,1789,8073,NA,NA,14.9,NA,0,0,NA,36.90794979079498,1.1297071129707112,1.516039051603905,579.8228730822873,11.259414225941423,0.018856345885634587,NA,0.02078103207810321,8.25361819430769
Ningxia Hui Autonomous Region,2018,102.3,11708,31895,3580.6,762,866,153,929,710,5.4,12.53,18477,369910,1739,7060,NA,NA,12.11,NA,0,0,NA,26.02394366197183,1.2197183098591549,1.3084507042253521,521,9.943661971830986,0.01764788732394366,NA,0.017056338028169013,8.183285663117173
Ningxia Hui Autonomous Region,2017,101.6,10738,29472,3271.6,738,842,152,937,705,5.1,12.11,30420,291101,1404,6392,NA,NA,6.67,NA,0,0,NA,43.148936170212764,1.1943262411347517,1.3290780141843972,412.909219858156,9.066666666666666,0.017177304964539005,NA,0.009460992907801419,8.09303444086082
Ningxia Hui Autonomous Region,2016,101.5,9852,27153,2853.3,651,771,144,909,695,5.1,11.71,8707,239624,1342,5686,3899.68,94.84,4.05,NA,0,0,NA,12.528057553956835,1.1093525179856114,1.3079136690647482,344.78273381294963,8.181294964028776,0.016848920863309354,41.11851539434837,0.005827338129496403,7.956231498156449
Ningxia Hui Autonomous Region,2015,101.1,9119,25186,2644.7,584,802,144,761,684,4.9,11.5,8972,200453,1125,5470,3604.23,93.79,3.52,NA,0,0,NA,13.116959064327485,1.172514619883041,1.1125730994152048,293.0599415204678,7.997076023391813,0.016812865497076022,38.42872374453566,0.005146198830409357,7.880312916309594
Ningxia Hui Autonomous Region,2014,101.9,8410,23285,2516.4,538,768,128,611,678,5,11.14,5164,186518,1136,5799,3584.14,82.66,3.18,NA,0,0,NA,7.616519174041298,1.1327433628318584,0.9011799410029498,275.10029498525074,8.553097345132743,0.0164306784660767,43.36002903459956,0.004690265486725664,7.830584587695874
Ningxia Hui Autonomous Region,2013,103.4,7599,21476,2364.9,488,688,105,607,666,4.7,10.45,3537,167494,1073,4817,3429.23,71.34,1.43,NA,0,0,NA,5.3108108108108105,1.033033033033033,0.9114114114114115,251.4924924924925,7.232732732732733,0.01569069069069069,48.06882534342584,0.002147147147147147,7.7684910167339725
Ningxia Hui Autonomous Region,2012,102,6776,19507,2162,476,542,102,488,659,4.6,9.64,3098,143696,1170,4196,2956.58,63.89,2.91,NA,0,0,NA,4.701062215477997,0.8224582701062215,0.7405159332321699,218.051593323217,6.367223065250379,0.014628224582701063,46.27609954609485,0.0044157814871016695,7.6787889981991535
Ningxia Hui Autonomous Region,2011,106.3,5931,17291,1959.3,579,455,97,261,648,5.2,8.79,4399,118879,853,3967,2389.24,69.13,3.94,NA,0,0,NA,6.78858024691358,0.7021604938271605,0.4027777777777778,183.45524691358025,6.121913580246914,0.013564814814814814,34.56155070157674,0.006080246913580247,7.5803425455767215
Ningxia Hui Autonomous Region,2010,104.1,5125,15093,1595.3,529,593,117,NA,633,4.8,8.02,3964,NA,NA,NA,1866.09,52.14,1,NA,0,0,NA,6.262243285939968,0.9368088467614534,NA,NA,NA,0.012669826224328593,35.78998849252014,0.001579778830963665,7.374817085306952
Ningxia Hui Autonomous Region,2009,100.7,4405,13813,1284.8,669,602,110,127,625,4.8,7.56,2500,77591,766,3568,1373.22,35.44,0.9,NA,0,0,NA,4,0.9632,0.2032,124.1456,5.7088,0.012095999999999999,38.74774266365689,0.00144,7.158358343192497
Ningxia Hui Autonomous Region,2008,108.5,3978,12751,1153.7,637,568,106,62,618,4.8,7.05,2449,65694,644,3336,1306.63,56.36,0.89,NA,0,0,NA,3.9627831715210355,0.919093851132686,0.10032362459546926,106.30097087378641,5.398058252427185,0.011407766990291262,23.18364088005678,0.0014401294498381878,7.050729447933244
Ningxia Hui Autonomous Region,2007,105.5,3411,10723,887.9,285,456,87,NA,610,4.4,6.24,2183,NA,NA,NA,1036.73,46.66,0.66,NA,0,0,NA,3.578688524590164,0.7475409836065574,NA,NA,NA,0.010229508196721311,22.21881697385341,0.0010819672131147542,6.788859124038281
Ningxia Hui Autonomous Region,2006,101.9,2938,9074,691.6,375,448,131,NA,604,4.2,5.59,4400,NA,NA,NA,832.61,49.79,0.53,NA,0,0,NA,7.28476821192053,0.7417218543046358,NA,NA,NA,0.009254966887417218,16.722434223739707,8.774834437086093e-4,6.539007753809136
Ningxia Hui Autonomous Region,2005,101.5,2651,8013,587.2,463,354,140,NA,596,4.4,4.87,4455,NA,NA,NA,660.31,36.22,1.41,NA,0,0,NA,7.474832214765101,0.5939597315436241,NA,NA,NA,0.008171140939597315,18.230535615681944,0.002365771812080537,6.375365477300306
Ningxia Hui Autonomous Region,2004,103.7,2435,7155,527.3,454,332,161,22,588,4.1,4.14,4067,23220,216,2094,539.71,41.88,1.28,NA,0,0,NA,6.916666666666667,0.564625850340136,0.03741496598639456,39.48979591836735,3.561224489795918,0.007040816326530612,12.887058261700096,0.0021768707482993197,6.267769646536424
Ningxia Hui Autonomous Region,2003,101.7,2129,6482,448.4,481,125,154,NA,580,3.8,3.51,3884,NA,NA,NA,341.21,35.16,1,NA,0,0,NA,6.696551724137931,0.21551724137931033,NA,NA,NA,0.006051724137931034,9.704493742889648,0.0017241379310344827,6.105685691198005
Ningxia Hui Autonomous Region,2002,99.4,1984,6030,381.8,454,75,184,NA,572,3.5,2.93,2260,NA,NA,NA,264.03,24.61,0.85,NA,0,0,NA,3.9510489510489513,0.13111888111888112,NA,NA,NA,0.0051223776223776225,10.72856562373019,0.001486013986013986,5.944896911291647
Ningxia Hui Autonomous Region,2001,101.6,1873,5516,341.5,435,61,203,NA,563,3.7,2.32,1062,NA,NA,NA,260.19,23.15,0.89,NA,0,0,NA,1.8863232682060391,0.108348134991119,NA,NA,NA,0.0041207815275310835,11.239308855291577,0.001580817051509769,5.833347679010845
Ningxia Hui Autonomous Region,2000,99.6,1760,4894,297.7,408,56,209,NA,554,3.8,1.75,940,NA,NA,NA,230.15,22.11,0.64,NA,0,0,NA,1.6967509025270757,0.10108303249097472,NA,NA,NA,0.00315884476534296,10.409317051108097,0.0011552346570397113,5.69608626802173
Xinjiang Uyghur Autonomous Region,2020,101.5,14056,34838,14262.2,1994,2052,892,1671,2590,9.4,48.67,32042,391939,1222,4752,NA,NA,15.11,2020,1,1,0,12.371428571428572,0.7922779922779922,0.64517374517374515,151.32779922779923,1.8347490347490347,0.01879150579150579,NA,0.005833976833976834,9.565367959768567
Xinjiang Uyghur Autonomous Region,2019,101.9,13122,34664,14024.9,1932,1492,809,1234,2559,8.4,42.7,24123,441347,1069,4698,NA,NA,7.82,2020,0,1,-1,9.426729191090269,0.5830402500976944,0.48221961703790545,172.46854239937477,1.835873388042204,0.016686205549042595,NA,0.0030558812035951545,9.5485896002407
Xinjiang Uyghur Autonomous Region,2018,102,11975,32764,13110.1,1659,1231,822,1244,2520,9.5,37.49,21151,448779,1081,5806,NA,NA,3.92,2020,0,1,-2,8.393253968253969,0.4884920634920635,0.4936507936507937,178.08690476190475,2.3039682539682538,0.014876984126984127,NA,0.0015555555555555555,9.48113820449372
Xinjiang Uyghur Autonomous Region,2017,102.2,11045,30775,11460.8,1679,1184,817,961,2480,10,34.6,13323,400468,1161,6191,NA,NA,5.76,2020,0,1,-3,5.372177419354839,0.4774193548387097,0.3875,161.4790322580645,2.4963709677419357,0.013951612903225807,NA,0.00232258064516129,9.346687795860186
Xinjiang Uyghur Autonomous Region,2016,101.4,10183,28463,9913.9,1474,1145,786,777,2428,9.7,31.99,9666,390946,1002,7310,8105.79,66.41,4.28,2020,0,1,-4,3.981054365733114,0.4715815485996705,0.3200164744645799,161.0156507413509,3.010708401976936,0.013175453047775947,122.05676855895197,0.0017627677100494235,9.201693091783632
Xinjiang Uyghur Autonomous Region,2015,100.6,9425,26275,9545.7,1384,1069,746,788,2385,10.3,30.47,8518,366180,972,7188,7944.66,62.97,3.03,2020,0,1,-5,3.571488469601677,0.4482180293501048,0.33039832285115306,153.53459119496856,3.0138364779874216,0.012775681341719077,126.16579323487375,0.001270440251572327,9.163846070296398
Xinjiang Uyghur Autonomous Region,2014,102.1,8724,23214,9400.2,1325,964,681,805,2325,11.2,29.04,7586,357812,897,6688,9161.04,49.11,2.82,2020,0,1,-6,3.262795698924731,0.4146236559139785,0.34623655913978496,153.89763440860216,2.876559139784946,0.01249032258064516,186.54123396456936,0.0012129032258064516,9.148486244627497
Xinjiang Uyghur Autonomous Region,2013,103.9,7847,21091,8518.4,1302,871,594,550,2285,11.9,27.84,6453,314257,1078,6668,8447.8,68.01,3,2020,0,1,-7,2.824070021881838,0.3811816192560175,0.24070021881838075,137.5304157549234,2.9181619256017504,0.012183807439824945,124.21408616379942,0.001312910284463895,9.049983808760738
Xinjiang Uyghur Autonomous Region,2012,103.8,6876,19019,7499.5,1311,746,523,377,2253,11.8,26.87,6655,273425,933,6202,7348.44,41.96,5.39,2020,0,1,-8,2.953839325343986,0.33111407012871724,0.1673324456280515,121.36040834442964,2.75277407900577,0.011926320461606747,175.1296472831268,0.0023923657345761204,8.922591630635415
Xinjiang Uyghur Autonomous Region,2011,105.9,5853,16464,6607.6,1247,636,469,331,2225,11.1,25.87,5602,223352,757,6723,6599.69,70.47,4.38,2020,0,1,-9,2.517752808988764,0.28584269662921347,0.14876404494382023,100.38292134831461,3.021573033707865,0.011626966292134833,93.65247623102029,0.0019685393258426966,8.795975780680985
Xinjiang Uyghur Autonomous Region,2010,104.3,4993,14480,5425.4,1751,1057,574,NA,2185,11,25.12,5229,NA,NA,NA,5226.66,54.19,4.52,2020,0,1,-10,2.3931350114416476,0.4837528604118993,NA,NA,NA,0.011496567505720824,96.4506366488282,0.0020686498855835237,8.598846908409431
Xinjiang Uyghur Autonomous Region,2009,100.7,4150,12948,4289.5,1639,843,495,220,2159,11.9,24.16,4800,140932,818,5023,3824,39.51,1.21,2020,0,1,-11,2.22325150532654,0.3904585456229736,0.10189902732746642,65.27651690597499,2.3265400648448358,0.011190365910143584,96.78562389268541,5.604446503010653e-4,8.36392545501302
Xinjiang Uyghur Autonomous Region,2008,108.1,3723,12021,4183.9,1402,768,486,125,2131,11.8,23.1,4560,124159,646,4489,4180.02,71.38,7.4,2020,0,1,-12,2.139840450492726,0.3603941811356171,0.05865790708587518,58.26325668700141,2.1065227592679494,0.010839981229469733,58.56010086859065,0.0034725480994838107,8.338999104885522
Xinjiang Uyghur Autonomous Region,2007,105.5,3364,10794,3536.4,509,560,451,NA,2095,11.7,21.64,3090,NA,NA,NA,3277.99,61.59,7.17,2020,0,1,-13,1.4749403341288783,0.26730310262529833,NA,NA,NA,0.010329355608591885,53.22276343562266,0.003422434367541766,8.17086453953165
Xinjiang Uyghur Autonomous Region,2006,101.3,2876,9239,2984.5,421,408,577,NA,2050,11.6,19.93,2600,NA,NA,NA,2650.5,35.37,7.61,2020,0,1,-14,1.2682926829268293,0.19902439024390245,NA,NA,NA,0.009721951219512194,74.93638676844785,0.0037121951219512197,8.001187507608705
Xinjiang Uyghur Autonomous Region,2005,100.7,2593,8283,2543,345,350,584,NA,2010,11.1,18.18,1850,NA,NA,NA,2086.25,32.41,8,2020,0,1,-15,0.9203980099502488,0.17412935323383086,NA,NA,NA,0.009044776119402985,64.37056464054305,0.003980099502487562,7.841099765422119
Xinjiang Uyghur Autonomous Region,2004,102.7,2332,7743,2193.2,331,308,616,76,1963,13.3,16.31,1448,36008,418,2357,1537.36,31.65,13.34,2020,0,1,-16,0.7376464595007641,0.15690269994905756,0.03871625063678044,18.343352012226184,1.2007131940906774,0.008308711156393275,48.573775671406004,0.006795720835455934,7.693116943529893
Xinjiang Uyghur Autonomous Region,2003,100.4,2176,7370,1909.3,342,187,696,NA,1934,9.9,14.76,1251,NA,NA,NA,1093.62,31.16,12.04,2020,0,1,-17,0.6468459152016546,0.09669079627714582,NA,NA,NA,0.007631851085832472,35.096919127086004,0.0062254395036194414,7.554491961719418
Xinjiang Uyghur Autonomous Region,2002,99.4,1914,7058,1630.5,338,128,810,NA,1905,9.9,13.23,1144,NA,NA,NA,912.3,26.51,10.07,2020,0,1,-18,0.6005249343832021,0.06719160104986877,NA,NA,NA,0.00694488188976378,34.41342889475669,0.005286089238845144,7.396641995229374
Xinjiang Uyghur Autonomous Region,2001,104,1747,6512,1506,358,83,890,NA,1876,9.7,10.81,1120,NA,NA,NA,868.5,19.78,8.24,2020,0,1,-19,0.5970149253731343,0.044243070362473345,NA,NA,NA,0.00576226012793177,43.90798786653185,0.004392324093816631,7.317212408359839
Xinjiang Uyghur Autonomous Region,2000,99.4,1644,5721,1374.1,371,41,1097,NA,1849,11,8.1,1143,NA,NA,NA,831.74,22.62,6.62,2020,0,1,-20,0.6181719848566792,0.022174148188209845,NA,NA,NA,0.004380746349378042,36.770114942528735,0.003580313683071931,7.225554250337729
